-- phpMyAdmin SQL Dump
-- version 3.4.4
-- http://www.phpmyadmin.net
--
-- Хост: localhost
-- Время создания: Дек 04 2012 г., 12:17
-- Версия сервера: 5.1.52
-- Версия PHP: 5.2.17

SET SQL_MODE="NO_AUTO_VALUE_ON_ZERO";
SET time_zone = "+00:00";


/*!40101 SET @OLD_CHARACTER_SET_CLIENT=@@CHARACTER_SET_CLIENT */;
/*!40101 SET @OLD_CHARACTER_SET_RESULTS=@@CHARACTER_SET_RESULTS */;
/*!40101 SET @OLD_COLLATION_CONNECTION=@@COLLATION_CONNECTION */;
/*!40101 SET NAMES utf8 */;

--
-- База данных: `panda`
--

-- --------------------------------------------------------

--
-- Структура таблицы `admin`
--

CREATE TABLE IF NOT EXISTS `admin` (
  `admin_id` int(11) NOT NULL AUTO_INCREMENT,
  `name` varchar(255) NOT NULL,
  `password` varchar(32) NOT NULL,
  `login` varchar(255) NOT NULL,
  PRIMARY KEY (`admin_id`)
) ENGINE=MyISAM  DEFAULT CHARSET=utf8 AUTO_INCREMENT=2 ;

--
-- Дамп данных таблицы `admin`
--

INSERT INTO `admin` (`admin_id`, `name`, `password`, `login`) VALUES
(1, 'admin', '7815696ecbf1c96e6894b779456d330e', 'admin');

-- --------------------------------------------------------

--
-- Структура таблицы `all_languages`
--

CREATE TABLE IF NOT EXISTS `all_languages` (
  `all_language_id` int(11) NOT NULL AUTO_INCREMENT,
  PRIMARY KEY (`all_language_id`)
) ENGINE=MyISAM  DEFAULT CHARSET=utf8 AUTO_INCREMENT=33 ;

--
-- Дамп данных таблицы `all_languages`
--

INSERT INTO `all_languages` (`all_language_id`) VALUES
(1),
(2),
(3),
(4),
(5),
(6),
(7),
(8),
(9),
(10),
(11),
(12),
(13),
(14),
(15),
(16),
(17),
(18),
(19),
(20),
(21),
(22),
(23),
(24),
(25),
(26),
(27),
(28),
(29),
(30),
(31),
(32);

-- --------------------------------------------------------

--
-- Структура таблицы `all_languages_names`
--

CREATE TABLE IF NOT EXISTS `all_languages_names` (
  `all_language_id` int(11) NOT NULL,
  `language_id` int(5) NOT NULL,
  `name` varchar(255) NOT NULL,
  PRIMARY KEY (`all_language_id`,`language_id`)
) ENGINE=MyISAM DEFAULT CHARSET=utf8;

--
-- Дамп данных таблицы `all_languages_names`
--

INSERT INTO `all_languages_names` (`all_language_id`, `language_id`, `name`) VALUES
(1, 1, 'Английский'),
(1, 2, 'English'),
(1, 3, '英语'),
(2, 1, 'Арабский'),
(2, 2, 'Arabic'),
(2, 3, '阿拉伯语'),
(3, 1, 'Белорусский'),
(3, 2, 'Belorussian'),
(3, 3, '白俄罗斯语'),
(4, 1, 'Болгарский'),
(4, 2, 'Bulgarian'),
(4, 3, '保加利亚语'),
(5, 1, 'Венгерский'),
(5, 2, 'Hungarian'),
(5, 3, '匈牙利语'),
(6, 1, 'Голландский	'),
(6, 2, 'Dutch'),
(6, 3, '荷兰语'),
(7, 1, 'Греческий'),
(7, 2, 'Greek'),
(7, 3, '希腊语'),
(8, 1, 'Датский'),
(8, 2, 'Danish'),
(8, 3, '丹麦语'),
(9, 1, 'Индонезийский'),
(9, 2, 'Indonesian'),
(9, 3, '印尼语'),
(10, 1, 'Испанский'),
(10, 2, 'Spanish'),
(10, 3, '西班牙语'),
(11, 1, 'Итальянский'),
(11, 2, 'Italian'),
(11, 3, '意大利语'),
(12, 1, 'Китайский (Кантонский)'),
(12, 2, 'Chinese (Mandarin)'),
(12, 3, '中文普通话'),
(13, 1, 'Китайский (Мандарин)'),
(13, 2, 'Chinese (Cantonese)'),
(13, 3, '中文广东话'),
(14, 1, 'Корейский'),
(14, 2, 'Korean'),
(14, 3, '韩语'),
(15, 1, 'Немецкий'),
(15, 2, 'German'),
(15, 3, '德语'),
(16, 1, 'Норвежский'),
(16, 2, 'Norwegian'),
(16, 3, '挪威语'),
(17, 1, 'Польский'),
(17, 2, 'Polish'),
(17, 3, '波兰语'),
(18, 1, 'Португальский'),
(18, 2, 'Portuguese'),
(18, 3, '葡萄牙语'),
(19, 1, 'Румынский'),
(19, 2, 'Romanian'),
(19, 3, '罗马尼亚语'),
(20, 1, 'Русский'),
(20, 2, 'Russian'),
(20, 3, '俄语'),
(21, 1, 'Сербско-хорватский'),
(21, 2, 'Serbian-Croatian'),
(21, 3, '塞维语'),
(22, 1, 'Словацкий'),
(22, 2, 'Slovak'),
(22, 3, '斯拉夫语'),
(23, 1, 'Тайский'),
(23, 2, 'Thai'),
(23, 3, '泰语'),
(24, 1, 'Турецкий'),
(24, 2, 'Turkish'),
(24, 3, '土耳其语'),
(25, 1, 'Украинский'),
(25, 2, 'Ukrainian'),
(25, 3, '乌克兰语'),
(26, 1, 'Фарси'),
(26, 2, 'Persian'),
(26, 3, '波斯语'),
(27, 1, 'Финский'),
(27, 2, 'Finnish'),
(27, 3, '芬兰语'),
(28, 1, 'Французский'),
(28, 2, 'French'),
(28, 3, '法语'),
(29, 1, 'Хинди'),
(29, 2, 'Hindi'),
(29, 3, '印度语'),
(30, 1, 'Чешский'),
(30, 2, 'Czech'),
(30, 3, '捷克语'),
(31, 1, 'Шведский'),
(31, 2, 'Swedish'),
(31, 3, '瑞典语'),
(32, 1, 'Японский'),
(32, 2, 'Japanese'),
(32, 3, '日语');

-- --------------------------------------------------------

--
-- Структура таблицы `confirm_code`
--

CREATE TABLE IF NOT EXISTS `confirm_code` (
  `user_id` int(11) NOT NULL,
  `code` varchar(32) NOT NULL,
  PRIMARY KEY (`user_id`)
) ENGINE=MyISAM DEFAULT CHARSET=utf8;

--
-- Дамп данных таблицы `confirm_code`
--

INSERT INTO `confirm_code` (`user_id`, `code`) VALUES
(28, 'a4fda873f85c5c76de0f233788174d6d'),
(27, '6344b5cfcf959e5afce8aa4e5f9ef6c6'),
(26, '78b2b2efaeb837e6d7de4d9f46a8ba94'),
(29, '3e79e0726f39aea14e695171ad19b635'),
(30, 'e4e6c111c94d0958b8285516d2156c19'),
(31, '880ea51d2cac86593b508e57724c00f9'),
(32, '66c2b06080b173006bd8f8480d2bb36b'),
(33, '1375fbcf681249e16ce5bbf1c3cc10f2'),
(34, 'a22f578067188d872ae24d2e6ddcf205'),
(35, '5c7e9e1d40e7e48cc4442341e2d48001'),
(36, '0488c31afdf8492d2f5d35fa3912347a'),
(40, 'ac6f3ba95601851398aa0d27e4405fd7'),
(41, '951d7906dcee231f4f7d191b610aedf8'),
(42, '45db80816e757d78e2a04b58952d7480'),
(43, 'a91e6ca9498e452a33ac5ac399aef831'),
(44, '70a4d0b8cad70a1ebf95a5af8e8473f0'),
(48, 'f5bf148307e9dfed2e33d29c54fe6844'),
(49, '8b52563cf7b933bf2d5c0cb1441ce70f'),
(50, '24d2e83a75cbaf99eb08a520f03964cd'),
(51, '991a69864e0616e00b358e291f3a7261'),
(53, '098ce1c293bc74997d17a3d722fd67f9'),
(68, '5af4ced79d2be1179f65b9f4998c15b2'),
(62, '95ac76dce0b29c6e67f24aeccb0e88e4'),
(63, 'ee48784795b6eb261fc34ec284813974'),
(64, '2ea185984f7de9057cd8824381afa6cb'),
(65, '08b1b5d0655d9d8ea6a8ac4d0cb916ae'),
(66, '155ecdb6de6897c25ac64d9257427ca4');

-- --------------------------------------------------------

--
-- Структура таблицы `friends`
--

CREATE TABLE IF NOT EXISTS `friends` (
  `friendship_id` int(11) NOT NULL AUTO_INCREMENT,
  `friend1` int(11) NOT NULL,
  `friend2` int(11) NOT NULL,
  `friend1_accepted` tinyint(1) NOT NULL DEFAULT '0',
  `friend2_accepted` tinyint(1) NOT NULL DEFAULT '0',
  PRIMARY KEY (`friendship_id`)
) ENGINE=MyISAM  DEFAULT CHARSET=utf8 AUTO_INCREMENT=75 ;

--
-- Дамп данных таблицы `friends`
--

INSERT INTO `friends` (`friendship_id`, `friend1`, `friend2`, `friend1_accepted`, `friend2_accepted`) VALUES
(5, 21, 17, 1, 1),
(74, 40, 47, 1, 0),
(21, 23, 22, 1, 1),
(73, 40, 17, 1, 0),
(14, 29, 32, 1, 1),
(72, 40, 32, 1, 0),
(71, 47, 28, 1, 0),
(70, 47, 55, 1, 0),
(18, 23, 21, 1, 1),
(19, 23, 32, 1, 1),
(69, 60, 31, 1, 0),
(22, 29, 21, 1, 1),
(68, 60, 34, 1, 0),
(24, 35, 36, 1, 1),
(67, 52, 31, 1, 0),
(66, 52, 34, 1, 0),
(65, 52, 36, 1, 0),
(64, 52, 47, 1, 1),
(63, 37, 31, 1, 0),
(30, 38, 37, 1, 1),
(62, 23, 17, 1, 0),
(61, 23, 31, 1, 0),
(60, 21, 40, 1, 1),
(59, 21, 35, 1, 0),
(58, 44, 33, 1, 0),
(36, 47, 37, 1, 1),
(57, 23, 33, 1, 0),
(56, 44, 38, 1, 0),
(39, 47, 23, 1, 1),
(55, 23, 34, 1, 0),
(54, 23, 36, 1, 0),
(47, 44, 21, 1, 1),
(53, 23, 39, 1, 0),
(52, 23, 38, 1, 0);

-- --------------------------------------------------------

--
-- Структура таблицы `language`
--

CREATE TABLE IF NOT EXISTS `language` (
  `language_id` int(11) NOT NULL AUTO_INCREMENT,
  `name` varchar(255) NOT NULL,
  `code` varchar(255) NOT NULL,
  `locale` varchar(255) NOT NULL,
  PRIMARY KEY (`language_id`)
) ENGINE=MyISAM  DEFAULT CHARSET=utf8 AUTO_INCREMENT=4 ;

--
-- Дамп данных таблицы `language`
--

INSERT INTO `language` (`language_id`, `name`, `code`, `locale`) VALUES
(1, 'Русский', 'ru', 'ru_RU.UTF-8'),
(2, 'English', 'en', 'en_US'),
(3, '中文', 'zh', 'zh_CN');

-- --------------------------------------------------------

--
-- Структура таблицы `message`
--

CREATE TABLE IF NOT EXISTS `message` (
  `message_id` int(11) NOT NULL AUTO_INCREMENT,
  `from_user_id` int(11) NOT NULL,
  `to_user_id` int(11) NOT NULL,
  `description` text NOT NULL,
  `date_added` datetime NOT NULL DEFAULT '0000-00-00 00:00:00',
  `read_date` datetime DEFAULT NULL,
  PRIMARY KEY (`message_id`)
) ENGINE=MyISAM  DEFAULT CHARSET=utf8 AUTO_INCREMENT=173 ;

--
-- Дамп данных таблицы `message`
--

INSERT INTO `message` (`message_id`, `from_user_id`, `to_user_id`, `description`, `date_added`, `read_date`) VALUES
(2, 20, 17, 'werwrew', '2012-10-09 01:20:04', '2012-10-09 22:07:42'),
(3, 20, 17, 'sdfsdfsdfsdfsdf', '2012-10-09 01:20:07', '2012-10-09 22:07:42'),
(4, 20, 17, 'sdfsdfsdfsdf', '2012-10-09 01:20:11', '2012-10-09 22:07:42'),
(5, 20, 17, 'weeeeee', '2012-10-09 01:46:41', '2012-10-09 22:07:42'),
(6, 20, 16, 'jhgjhgjhg', '2012-10-09 19:44:39', '2012-10-09 21:04:54'),
(7, 16, 20, 'цукцкуцкуук', '2012-10-09 20:47:29', '2012-10-09 21:01:30'),
(8, 16, 20, 'это ты?', '2012-10-09 21:05:01', '2012-10-09 21:05:01'),
(9, 20, 16, 'да это я', '2012-10-09 21:05:13', '2012-10-09 21:05:14'),
(10, 16, 20, 'точно?', '2012-10-09 21:05:19', '2012-10-09 21:05:21'),
(11, 20, 16, 'полюбому', '2012-10-09 21:05:33', '2012-10-09 21:05:34'),
(12, 20, 16, 'фыв', '2012-10-09 21:06:31', '2012-10-09 21:09:43'),
(13, 20, 16, 'фыв', '2012-10-09 21:06:33', '2012-10-09 21:09:43'),
(14, 16, 20, 'ываываа', '2012-10-09 21:07:08', '2012-10-09 21:09:47'),
(15, 16, 20, 'ываываыа', '2012-10-09 21:07:09', '2012-10-09 21:09:47'),
(16, 16, 20, 'аяаяаяй', '2012-10-09 21:10:07', '2012-10-09 21:10:18'),
(17, 16, 20, 'яяяяй', '2012-10-09 21:10:10', '2012-10-09 21:10:18'),
(18, 20, 16, 'sdfsfdf', '2012-10-09 21:13:07', '2012-10-09 21:13:13'),
(19, 20, 16, 'sdffdsf', '2012-10-09 21:14:31', '2012-10-09 21:14:43'),
(20, 20, 16, 'zxczcxzcx', '2012-10-09 21:15:59', '2012-10-09 21:16:13'),
(21, 16, 20, 'фывфывфыв', '2012-10-09 21:16:09', '2012-10-09 21:16:11'),
(22, 16, 20, 'иди ты', '2012-10-09 21:17:07', '2012-10-09 21:18:03'),
(23, 20, 16, 'asdadsasdasdasd', '2012-10-09 22:02:05', '2012-10-09 22:02:10'),
(24, 20, 17, 'кагдила?\n', '2012-10-09 22:12:24', '2012-10-09 22:14:23'),
(25, 17, 20, 'харашо', '2012-10-09 22:14:34', '2012-10-09 22:14:35'),
(26, 20, 17, 'работает!!\n', '2012-10-09 22:14:47', '2012-10-09 22:14:49'),
(27, 17, 20, 'даа))\n', '2012-10-09 22:14:55', '2012-10-09 22:14:55'),
(28, 20, 17, 'коненчо пишутся', '2012-10-09 22:14:56', '2012-10-09 22:14:59'),
(29, 17, 20, 'только смайлов нет еще))', '2012-10-09 22:15:03', '2012-10-09 22:15:05'),
(30, 20, 17, 'это потом', '2012-10-09 22:15:10', '2012-10-09 22:15:14'),
(31, 17, 20, 'чат такой онлайн работает))\n', '2012-10-09 22:15:32', '2012-10-09 22:15:35'),
(32, 20, 17, 'в целом рабоатет\n', '2012-10-09 22:15:38', '2012-10-09 22:15:39'),
(33, 17, 20, 'надо потом переписку подтереть)', '2012-10-09 22:15:40', '2012-10-09 22:15:45'),
(34, 20, 17, 'я сексульный китаец хочу познакомиться с руской девочкой\n', '2012-10-09 22:16:45', '2012-10-09 22:16:49'),
(35, 23, 22, 'ЗДАРОВА', '2012-10-13 15:28:54', '2012-10-13 21:00:17'),
(36, 22, 23, 'привет', '2012-10-13 21:00:27', '2012-10-13 21:21:58'),
(37, 23, 22, 'как едла у етбя?', '2012-10-13 21:22:05', '2012-10-13 21:22:08'),
(38, 22, 23, 'да номрально', '2012-10-13 21:22:14', '2012-10-13 21:22:18'),
(39, 23, 22, 'asdfadsad', '2012-10-13 21:23:11', '2012-10-13 21:23:13'),
(40, 22, 23, 'гули гули', '2012-10-13 21:23:17', '2012-10-13 21:23:18'),
(41, 23, 22, 'sdfsfdsdf', '2012-10-13 21:23:22', '2012-10-13 21:23:23'),
(42, 23, 22, 'sdfsdfsdfsfds', '2012-10-13 21:23:30', '2012-10-13 21:23:33'),
(43, 23, 22, 'sdfsdf', '2012-10-13 21:23:34', '2012-10-13 21:23:38'),
(44, 22, 23, 'sdddfs', '2012-10-14 20:47:11', '2012-10-14 20:47:15'),
(45, 21, 17, 'вмвіавіавіававіа', '2012-10-15 11:32:40', NULL),
(46, 21, 17, 'ваввав', '2012-10-15 11:33:01', NULL),
(47, 29, 21, 'hhhh', '2012-10-15 13:19:25', '2012-10-15 13:19:51'),
(48, 29, 21, 'kkkk', '2012-10-15 13:19:43', '2012-10-15 13:19:51'),
(49, 23, 21, 'здарова', '2012-10-15 15:00:59', '2012-10-15 23:40:26'),
(50, 22, 23, 'dfgdfgdg', '2012-10-15 15:08:57', '2012-10-15 15:09:35'),
(51, 22, 23, 'asad', '2012-10-15 20:09:58', '2012-10-15 21:07:35'),
(52, 22, 23, 'asdads', '2012-10-15 20:15:46', '2012-10-15 21:07:35'),
(53, 22, 23, 'adasdad', '2012-10-15 20:15:51', '2012-10-15 21:07:35'),
(54, 22, 23, 'adsad', '2012-10-15 20:15:58', '2012-10-15 21:07:35'),
(55, 22, 23, 'asd', '2012-10-15 20:16:05', '2012-10-15 21:07:35'),
(56, 22, 23, ':zzz:', '2012-10-15 20:17:25', '2012-10-15 21:07:35'),
(57, 22, 23, 'asdad', '2012-10-15 20:29:50', '2012-10-15 21:07:35'),
(58, 22, 23, 'asdsdfaddd', '2012-10-15 20:30:34', '2012-10-15 21:07:35'),
(59, 22, 23, 'sd"" :::asdad', '2012-10-15 20:30:43', '2012-10-15 21:07:35'),
(60, 32, 29, 'gggggg', '2012-10-15 20:42:31', NULL),
(61, 32, 23, 'ggggg', '2012-10-15 20:42:56', '2012-10-15 21:07:14'),
(62, 22, 23, ':)', '2012-10-15 21:01:44', '2012-10-15 21:07:35'),
(63, 22, 23, ':mad:', '2012-10-15 21:02:46', '2012-10-15 21:07:35'),
(64, 22, 23, ':mad:', '2012-10-15 21:02:59', '2012-10-15 21:07:35'),
(65, 22, 23, 'gjhgjhghgjhghjgjjhjh :)', '2012-10-15 21:03:37', '2012-10-15 21:07:35'),
(66, 22, 23, 'assdasasdasd', '2012-10-15 21:04:50', '2012-10-15 21:07:35'),
(67, 22, 23, 'assdasd :)', '2012-10-15 21:04:55', '2012-10-15 21:07:35'),
(68, 22, 23, 'asadsd :)', '2012-10-15 21:05:38', '2012-10-15 21:07:35'),
(69, 23, 32, 'полностью согласен', '2012-10-15 21:07:27', '2012-10-15 22:38:08'),
(70, 22, 23, 'gjhgjhgjh :)', '2012-10-15 21:10:41', '2012-10-15 21:10:45'),
(71, 32, 23, 'hhhh\n', '2012-10-15 22:38:14', '2012-10-15 22:43:48'),
(72, 32, 23, 'где смайлы ?)))\n', '2012-10-15 22:38:38', '2012-10-15 22:43:48'),
(73, 22, 23, 'jtyut', '2012-10-15 22:45:14', '2012-10-15 22:45:15'),
(74, 23, 22, 'вапвпвп', '2012-10-15 22:45:26', '2012-10-15 22:45:30'),
(75, 22, 23, ' ЫАЫВАЫАЫ', '2012-10-15 22:46:44', '2012-10-15 22:46:45'),
(76, 23, 22, 'ва:)пвпав:)', '2012-10-15 22:50:51', '2012-10-15 22:50:55'),
(77, 22, 23, ':D', '2012-10-15 22:59:11', '2012-10-15 22:59:15'),
(78, 22, 23, ';)', '2012-10-15 22:59:13', '2012-10-15 22:59:15'),
(79, 22, 23, ':)', '2012-10-15 22:59:17', '2012-10-15 22:59:20'),
(80, 22, 23, ':)', '2012-10-15 22:59:21', '2012-10-15 22:59:25'),
(81, 22, 23, ':yes:', '2012-10-15 22:59:23', '2012-10-15 22:59:25'),
(82, 22, 23, ':yes:', '2012-10-15 22:59:40', '2012-10-15 22:59:40'),
(83, 22, 23, ':)', '2012-10-15 23:00:31', '2012-10-15 23:00:35'),
(84, 22, 23, ':D', '2012-10-15 23:00:34', '2012-10-15 23:00:35'),
(85, 22, 23, ';):p:cool:', '2012-10-15 23:00:37', '2012-10-15 23:00:40'),
(86, 22, 23, ':rolleyes::mad::eek::confused::agree:', '2012-10-15 23:00:41', '2012-10-15 23:00:45'),
(87, 22, 23, ':angry::blink::cray::dance:', '2012-10-15 23:00:45', '2012-10-15 23:00:50'),
(88, 22, 23, ':haha::kissed::help:', '2012-10-15 23:00:56', '2012-10-15 23:01:00'),
(89, 22, 23, ':laugh:', '2012-10-15 23:01:03', '2012-10-15 23:01:05'),
(90, 22, 23, ':zzz:', '2012-10-15 23:01:31', '2012-10-15 23:01:35'),
(91, 32, 29, 'ррр', '2012-10-15 23:03:24', NULL),
(92, 22, 23, ';)', '2012-10-15 23:04:04', '2012-10-15 23:04:05'),
(93, 22, 23, ':dance:', '2012-10-15 23:04:36', '2012-10-15 23:04:40'),
(94, 22, 23, ':victory:', '2012-10-15 23:04:38', '2012-10-15 23:04:40'),
(95, 22, 23, ':yes:', '2012-10-15 23:04:40', '2012-10-15 23:04:40'),
(96, 23, 22, ':p', '2012-10-15 23:04:49', '2012-10-15 23:04:51'),
(97, 22, 23, ':agree:', '2012-10-15 23:07:15', '2012-10-15 23:07:16'),
(98, 23, 22, ':)', '2012-10-15 23:07:23', '2012-10-15 23:07:26'),
(99, 32, 23, 'лллл', '2012-10-15 23:09:19', '2012-10-15 23:48:14'),
(100, 22, 23, ':offtopic:', '2012-10-15 23:09:46', '2012-10-15 23:09:51'),
(101, 22, 23, ':agree:', '2012-10-15 23:11:12', '2012-10-15 23:11:16'),
(102, 23, 22, ':zzz:', '2012-10-15 23:11:50', '2012-10-15 23:11:52'),
(103, 32, 29, ':angry::dance:', '2012-10-15 23:12:43', NULL),
(104, 32, 29, ':help:', '2012-10-15 23:12:46', NULL),
(105, 32, 29, ':kissed:', '2012-10-15 23:12:49', NULL),
(106, 32, 29, ':thanks::stop::(', '2012-10-15 23:12:54', NULL),
(107, 32, 29, ':yes:', '2012-10-15 23:12:56', NULL),
(108, 32, 29, ':cool:', '2012-10-15 23:12:59', NULL),
(109, 32, 29, ':agree:', '2012-10-15 23:13:01', NULL),
(110, 32, 29, ':D', '2012-10-15 23:13:04', NULL),
(111, 32, 29, ':no:', '2012-10-15 23:13:08', NULL),
(112, 32, 29, ':yes:', '2012-10-15 23:13:13', NULL),
(113, 32, 29, ':blink:', '2012-10-15 23:13:21', NULL),
(114, 32, 29, ':mamba::no::nono::(:secret:', '2012-10-15 23:13:25', NULL),
(115, 21, 23, ':)', '2012-10-15 23:40:31', '2012-10-15 23:48:08'),
(116, 37, 38, 'Hey girl! :)', '2012-10-23 07:31:19', NULL),
(117, 23, 21, ':rolleyes::agree::mamba::stop::thanks::victory::wacko::yes::help::kissed:', '2012-10-28 13:18:27', '2012-11-14 14:49:53'),
(118, 37, 47, 'Hi girl, how are you doing?', '2012-10-31 08:11:00', '2012-11-06 21:28:14'),
(119, 37, 47, ':p', '2012-10-31 08:11:15', '2012-11-06 21:28:14'),
(120, 23, 47, 'привет секси, я тот кого ты ищещь :cool:', '2012-10-31 23:17:50', '2012-11-06 21:21:44'),
(121, 47, 37, 'Hey handsome!\nI like you! :kissed:', '2012-11-06 21:29:04', '2012-11-16 07:00:50'),
(122, 44, 21, 'jjjjjj', '2012-11-14 14:49:57', '2012-11-14 14:51:20'),
(123, 44, 21, ':dance:', '2012-11-14 14:49:59', '2012-11-14 14:51:20'),
(124, 21, 23, ':) ^)', '2012-11-14 14:49:59', '2012-11-14 14:52:29'),
(125, 44, 21, ':haha:', '2012-11-14 14:50:01', '2012-11-14 14:51:20'),
(126, 44, 21, ':p', '2012-11-14 14:50:05', '2012-11-14 14:51:20'),
(127, 44, 21, ':kissed:', '2012-11-14 14:50:26', '2012-11-14 14:51:20'),
(128, 44, 21, ':help:', '2012-11-14 14:50:30', '2012-11-14 14:51:20'),
(129, 21, 44, ':lol:', '2012-11-14 14:51:24', '2012-11-14 14:51:26'),
(130, 44, 21, ':D', '2012-11-14 14:51:30', '2012-11-14 14:51:31'),
(131, 21, 44, ':help:', '2012-11-14 14:51:32', '2012-11-14 14:51:36'),
(132, 21, 44, ':eek:', '2012-11-14 14:51:37', '2012-11-14 14:51:41'),
(133, 44, 21, 'приколы))))', '2012-11-14 14:51:45', '2012-11-14 14:51:46'),
(134, 21, 44, ':stop:', '2012-11-14 14:52:10', '2012-11-14 14:54:33'),
(135, 21, 44, 'смайлы рулят\n', '2012-11-14 14:52:23', '2012-11-14 14:54:33'),
(136, 23, 21, ':eek:', '2012-11-14 14:53:03', '2012-11-14 14:53:23'),
(137, 21, 23, ':kissed:', '2012-11-14 14:53:28', '2012-11-14 14:58:37'),
(140, 21, 23, 'а я такая красивая стою и волосы назад :zzz:', '2012-11-14 14:54:03', '2012-11-14 14:58:37'),
(141, 44, 21, 'да)))))', '2012-11-14 14:54:38', '2012-11-14 14:59:45'),
(143, 21, 44, ':dance:', '2012-11-14 14:59:49', '2012-11-20 14:03:12'),
(144, 47, 37, 'Hi!', '2012-11-18 12:43:46', '2012-11-18 12:44:13'),
(145, 37, 47, 'Hi!', '2012-11-18 12:44:21', '2012-11-18 12:44:28'),
(146, 47, 37, 'How are you doing?', '2012-11-18 12:45:08', '2012-11-18 12:45:10'),
(147, 37, 47, 'I''m doing ok. And you?', '2012-11-18 12:46:09', '2012-11-18 12:46:12'),
(148, 47, 37, 'I''m great!', '2012-11-18 12:46:45', '2012-11-18 12:46:50'),
(149, 37, 47, 'Hi!', '2012-11-19 09:17:43', '2012-11-20 07:35:07'),
(150, 47, 52, 'hi!', '2012-11-19 09:23:38', '2012-11-19 09:24:45'),
(151, 40, 21, 'gggg', '2012-11-28 02:09:49', '2012-11-30 22:50:57'),
(153, 23, 21, 'sdsdsdfsdfsdfsdf', '2012-11-30 00:21:33', '2012-11-30 22:51:04'),
(154, 23, 21, 'ssdfsdfsdfsdf', '2012-11-30 00:37:08', '2012-11-30 22:51:04'),
(155, 23, 21, '		mbjjkjkkj	', '2012-11-30 00:38:52', '2012-11-30 22:51:04'),
(157, 23, 21, 'mbjjkjkkj', '2012-11-30 00:39:35', '2012-11-30 22:51:04'),
(158, 40, 21, ':agree:', '2012-11-30 22:50:04', '2012-11-30 22:50:57'),
(159, 40, 21, ':dance:', '2012-11-30 22:50:11', '2012-11-30 22:50:57'),
(160, 21, 40, ':)', '2012-11-30 22:51:01', '2012-11-30 22:51:08'),
(161, 21, 23, 'dfdfdsfdfsd', '2012-11-30 22:51:08', '2012-11-30 22:51:10'),
(162, 40, 21, 'ага спам работьвает\n', '2012-11-30 22:51:38', '2012-11-30 22:52:00'),
(163, 21, 40, '				в спам\r\n		', '2012-11-30 22:52:35', '2012-11-30 22:53:07'),
(164, 21, 40, ':haha:', '2012-11-30 22:52:43', '2012-11-30 22:53:07'),
(165, 40, 21, 'я тебя тоже))))', '2012-11-30 22:53:16', '2012-11-30 22:53:17'),
(166, 40, 21, ':dance:', '2012-11-30 22:53:22', '2012-11-30 22:53:27'),
(167, 21, 40, ':angry:', '2012-11-30 22:53:26', '2012-11-30 22:53:28'),
(168, 40, 21, ':agree:', '2012-11-30 22:53:33', '2012-11-30 22:53:37'),
(169, 40, 21, ':nono:', '2012-11-30 22:53:43', '2012-11-30 22:53:47'),
(170, 40, 21, ':help:', '2012-11-30 22:53:48', '2012-11-30 22:53:52'),
(171, 21, 40, ':help:', '2012-11-30 22:53:50', '2012-11-30 22:53:53'),
(172, 21, 40, '				\r\n		', '2012-11-30 22:54:00', '2012-11-30 22:54:03');

-- --------------------------------------------------------

--
-- Структура таблицы `page`
--

CREATE TABLE IF NOT EXISTS `page` (
  `page_id` int(11) NOT NULL AUTO_INCREMENT,
  `seo_url` varchar(255) NOT NULL,
  `status` tinyint(1) NOT NULL DEFAULT '0',
  `template_id` int(11) NOT NULL DEFAULT '0',
  PRIMARY KEY (`page_id`)
) ENGINE=MyISAM  DEFAULT CHARSET=utf8 AUTO_INCREMENT=11 ;

--
-- Дамп данных таблицы `page`
--

INSERT INTO `page` (`page_id`, `seo_url`, `status`, `template_id`) VALUES
(7, 'faq', 1, 0),
(6, 'asd', 1, 0),
(3, 'facts', 1, 0),
(5, 'about', 1, 0),
(8, 'information', 1, 2),
(9, 'services', 1, 2),
(10, 'contact', 1, 0);

-- --------------------------------------------------------

--
-- Структура таблицы `page_description`
--

CREATE TABLE IF NOT EXISTS `page_description` (
  `page_id` int(11) NOT NULL,
  `language_id` int(11) NOT NULL,
  `description` text NOT NULL,
  `meta_keywords` varchar(255) NOT NULL,
  `meta_description` varchar(255) NOT NULL,
  `title` varchar(255) NOT NULL,
  PRIMARY KEY (`page_id`,`language_id`)
) ENGINE=MyISAM DEFAULT CHARSET=utf8;

--
-- Дамп данных таблицы `page_description`
--

INSERT INTO `page_description` (`page_id`, `language_id`, `description`, `meta_keywords`, `meta_description`, `title`) VALUES
(3, 2, 'asdasdasd', '', '', 'im facts'),
(3, 1, 'text', '', '', 'Важные факты'),
(5, 1, 'text', '', '', 'О нас'),
(5, 2, 'text', '', '', 'about'),
(3, 3, 'nm,nm,', '', '', 'ghgjh'),
(6, 1, 'На данный момент регистрация для пользователей\r\nиз России БЕСПЛАТНО', '', '', 'notification area'),
(6, 2, 'На данный момент регистрация для пользователей\r\nиз России БЕСПЛАТНО', '', '', 'notification area'),
(6, 3, 'На данный момент регистрация для пользователей\r\nиз России БЕСПЛАТНО', '', '', 'notification area'),
(7, 3, 'aasdasda', '', '', '回答问题'),
(7, 1, 'вопросы', '', '', 'Вопросы'),
(7, 2, 'sdfsdfsfdf', '', '', 'Questions'),
(8, 1, '<br>Chinese men are neither faraway nor alien for Russian Women. It takes 1 hour and a half from Beijing to Vladivostok; 5hours and a half from Shanghai to Novosibirsk;&nbsp; 6 hours from Beijing to Moscow; 7 hours from Beijing to St. Petersburg; 1 hour and a half from Urumqi to Omsk;&nbsp; 2 hours and a half from Urumqi to Kazan…&nbsp; It takes about 28 hour from Hong Kong to St. Petersburg by Chinese bullet Train…', '', '', 'Информация'),
(9, 1, '<br>Chinese men are neither faraway nor alien for Russian Women. It takes 1 hour and a half from Beijing to Vladivostok; 5hours and a half from Shanghai to Novosibirsk;&nbsp; 6 hours from Beijing to Moscow; 7 hours from Beijing to St. Petersburg; 1 hour and a half from Urumqi to Omsk;&nbsp; 2 hours and a half from Urumqi to Kazan…&nbsp; It takes about 28 hour from Hong Kong to St. Petersburg by Chinese bullet Train…', '', '', 'Услуги'),
(9, 2, 'asdadad', '', '', 'uslugi'),
(9, 3, 'aasda', '', '', 'uslugi china'),
(8, 2, 'aaaaaaaaaaa', '', '', 'information'),
(8, 3, 'aaaaaaaaaaa', '', '', 'infromation china'),
(10, 1, 'dsdfsdfs', '', '', 'Конатакты'),
(10, 2, 'dfgdg', '', '', 'Contacts'),
(10, 3, 'dfgdfgd', '', '', '联系方式');

-- --------------------------------------------------------

--
-- Структура таблицы `password_restore`
--

CREATE TABLE IF NOT EXISTS `password_restore` (
  `restore_id` int(11) NOT NULL AUTO_INCREMENT,
  `code` varchar(32) NOT NULL,
  `user_id` int(11) NOT NULL,
  `date_added` datetime NOT NULL,
  PRIMARY KEY (`restore_id`)
) ENGINE=MyISAM  DEFAULT CHARSET=utf8 AUTO_INCREMENT=9 ;

--
-- Дамп данных таблицы `password_restore`
--

INSERT INTO `password_restore` (`restore_id`, `code`, `user_id`, `date_added`) VALUES
(7, '19c81f90d9efe879bbc8b5c7795d7aa7', 38, '2012-10-19 01:33:11'),
(5, '64a731db57990e35feba248e918c3597', 26, '2012-10-11 16:38:00'),
(8, 'afb82f3e80cd36a63676cf755a024e18', 38, '2012-10-23 06:44:19');

-- --------------------------------------------------------

--
-- Структура таблицы `profile_option`
--

CREATE TABLE IF NOT EXISTS `profile_option` (
  `profile_option_id` int(11) NOT NULL AUTO_INCREMENT,
  `section` varchar(32) NOT NULL,
  `type` varchar(32) NOT NULL,
  `for_man` tinyint(1) NOT NULL DEFAULT '1',
  `for_woman` tinyint(1) NOT NULL DEFAULT '1',
  `sort_order` int(5) NOT NULL DEFAULT '1',
  PRIMARY KEY (`profile_option_id`)
) ENGINE=MyISAM  DEFAULT CHARSET=utf8 AUTO_INCREMENT=46 ;

--
-- Дамп данных таблицы `profile_option`
--

INSERT INTO `profile_option` (`profile_option_id`, `section`, `type`, `for_man`, `for_woman`, `sort_order`) VALUES
(1, 'step1', 'select', 1, 1, 5),
(2, 'step2', 'select', 1, 1, 1),
(20, 'step1', 'select', 0, 1, 0),
(4, 'step3', 'checkbox', 1, 1, 1),
(8, 'step1', 'select', 1, 1, 2),
(9, 'step1', 'select', 1, 1, 3),
(10, 'step1', 'select', 1, 1, 4),
(11, 'step1', 'select', 1, 1, 6),
(12, 'step1', 'select', 1, 1, 7),
(13, 'step1', 'select', 1, 1, 8),
(36, 'step3', 'checkbox', 1, 1, 2),
(16, 'step1', 'select', 1, 1, 11),
(17, 'step1', 'select', 1, 1, 12),
(19, 'step1', 'select', 1, 1, 9),
(21, 'step1', 'select', 1, 0, 0),
(22, 'step2', 'select', 1, 1, 2),
(23, 'step2', 'select', 1, 1, 3),
(24, 'step2', 'checkbox', 1, 1, 4),
(25, 'step2', 'select', 1, 1, 5),
(26, 'step2', 'select', 1, 1, 6),
(27, 'step2', 'select', 1, 1, 7),
(28, 'step2', 'select', 1, 1, 8),
(29, 'step2', 'select', 1, 1, 9),
(30, 'step2', 'select', 1, 1, 10),
(31, 'step2', 'select', 1, 1, 11),
(32, 'step2', 'select', 1, 1, 12),
(33, 'step2', 'select', 1, 1, 13),
(34, 'step2', 'select', 1, 1, 14),
(37, 'step3', 'checkbox', 1, 1, 3),
(38, 'step3', 'checkbox', 1, 1, 4),
(39, 'step3', 'checkbox', 1, 1, 5),
(40, 'step3', 'checkbox', 1, 1, 6),
(41, 'step3', 'checkbox', 1, 1, 7),
(42, 'step3', 'checkbox', 1, 1, 8),
(43, 'step3', 'checkbox', 1, 1, 9),
(44, 'step3', 'checkbox', 1, 1, 10),
(45, 'step3', 'checkbox', 1, 1, 11);

-- --------------------------------------------------------

--
-- Структура таблицы `profile_option_description`
--

CREATE TABLE IF NOT EXISTS `profile_option_description` (
  `profile_option_id` int(11) NOT NULL,
  `language_id` int(5) NOT NULL,
  `name` varchar(255) NOT NULL,
  PRIMARY KEY (`profile_option_id`,`language_id`)
) ENGINE=MyISAM DEFAULT CHARSET=utf8;

--
-- Дамп данных таблицы `profile_option_description`
--

INSERT INTO `profile_option_description` (`profile_option_id`, `language_id`, `name`) VALUES
(1, 3, 'smoking_shina'),
(1, 2, 'Smoking'),
(1, 1, 'Курение'),
(2, 2, 'What kind of relationship are you looking for?'),
(20, 2, 'Region of residence*'),
(4, 2, 'Age'),
(4, 3, '年龄'),
(24, 1, 'Черты характера'),
(8, 2, 'Body type'),
(2, 3, 'relationships_chinese'),
(20, 3, '居住地'),
(21, 3, '居住地'),
(8, 1, 'Телосложение'),
(9, 2, 'Eye color'),
(9, 1, 'Цвет глаз'),
(10, 2, 'Hair color'),
(10, 1, 'Цвет волос'),
(11, 2, 'Drinking alcohol'),
(11, 1, 'Алкоголь'),
(12, 1, 'Образование'),
(13, 1, 'Специальность'),
(39, 3, '头发颜色'),
(38, 3, '眼睛颜色'),
(36, 1, 'Рост'),
(36, 2, 'Height'),
(36, 3, '身高'),
(37, 3, '体形'),
(16, 1, 'Религиозные взгляды'),
(17, 1, 'Семейное положение'),
(19, 2, 'Current field of occupation'),
(19, 1, 'Нынешняя сфера деятельности'),
(20, 1, 'Регион проживания'),
(21, 2, 'Region of residence*'),
(21, 1, 'Регион проживания'),
(22, 2, 'Do you intend to have children?'),
(22, 1, 'Планируете ли Вы заводить детей?'),
(23, 2, 'Do you consider relocating to another country?'),
(23, 1, 'Рассматриваете ли Вы возможность перезда в другую страну?'),
(24, 2, 'Character traits'),
(25, 2, 'Hobbies'),
(25, 1, 'Хобби'),
(26, 3, '休闲活动'),
(26, 2, 'Leisure activities'),
(26, 1, 'Отдых'),
(27, 1, 'Музыкальные предпочтения'),
(28, 2, 'Movie preferences'),
(28, 1, 'Кинопредпочтения'),
(29, 2, 'Sports'),
(29, 1, 'Спорт'),
(30, 2, 'Fashion style'),
(30, 1, 'Стиль одежды'),
(31, 1, 'Нравится ли Вам готовить?'),
(32, 1, 'Ведете ли Вы хозяйство?'),
(33, 2, 'What is your annual income?'),
(33, 1, 'Каков Ваш годовой доход?'),
(34, 2, 'Are you a property owner?'),
(34, 1, 'Владеете ли Вы жильем?'),
(37, 2, 'Body type'),
(38, 2, 'Eye color'),
(39, 2, 'Hair color'),
(40, 2, 'Smoking'),
(41, 2, 'Drinking alcohol'),
(42, 2, 'Education'),
(43, 2, 'Religious views'),
(44, 2, 'Relationship status'),
(45, 2, 'Children'),
(8, 3, '体形'),
(9, 3, '眼睛颜色'),
(10, 3, '头发颜色'),
(11, 3, '饮酒'),
(12, 2, 'Education'),
(12, 3, '教育'),
(13, 2, 'Major'),
(13, 3, '专业'),
(19, 3, '职业'),
(4, 1, 'Возраст'),
(16, 2, 'Religious views'),
(16, 3, '宗教'),
(17, 2, 'Relationship status'),
(17, 3, '婚姻'),
(22, 3, '要小孩吗'),
(23, 3, '考虑搬家吗？'),
(24, 3, '性格特征'),
(25, 3, '爱好'),
(27, 2, 'Music preferences'),
(27, 3, '音乐爱好'),
(28, 3, '电影爱好'),
(29, 3, '运动'),
(30, 3, '时尚风格'),
(31, 2, 'Do you enjoy cooking?'),
(31, 3, '会烹饪吗'),
(32, 2, 'Do you do housework?'),
(32, 3, '做家务吗'),
(33, 3, '年薪多少钱'),
(34, 3, '有房产吗'),
(37, 1, 'Телосложение'),
(38, 1, 'Цвет глаз'),
(39, 1, 'Цвет волос'),
(40, 1, 'Курение'),
(41, 1, 'Алкоголь'),
(42, 1, 'Образование'),
(43, 3, '宗教'),
(43, 1, 'Религиозные взгляды'),
(44, 1, 'Семейное положение'),
(45, 1, 'Дети'),
(2, 1, 'Какие отношения вы ищите?'),
(40, 3, '吸烟'),
(41, 3, '饮酒'),
(42, 3, '教育'),
(44, 3, '婚姻'),
(45, 3, '子女');

-- --------------------------------------------------------

--
-- Структура таблицы `profile_option_value`
--

CREATE TABLE IF NOT EXISTS `profile_option_value` (
  `profile_option_value_id` int(11) NOT NULL AUTO_INCREMENT,
  `profile_option_id` int(11) NOT NULL,
  `sort_order` int(5) NOT NULL DEFAULT '1',
  PRIMARY KEY (`profile_option_value_id`)
) ENGINE=MyISAM  DEFAULT CHARSET=utf8 AUTO_INCREMENT=518 ;

--
-- Дамп данных таблицы `profile_option_value`
--

INSERT INTO `profile_option_value` (`profile_option_value_id`, `profile_option_id`, `sort_order`) VALUES
(1, 1, 1),
(2, 1, 2),
(4, 2, 1),
(5, 2, 1),
(127, 20, 0),
(126, 20, 0),
(8, 4, 1),
(9, 4, 1),
(10, 5, 6),
(24, 8, 0),
(31, 9, 0),
(30, 9, 0),
(25, 8, 0),
(26, 8, 0),
(27, 8, 0),
(28, 9, 0),
(29, 9, 0),
(23, 8, 0),
(32, 9, 0),
(33, 10, 0),
(34, 10, 0),
(35, 10, 0),
(36, 10, 0),
(37, 10, 0),
(38, 10, 0),
(39, 1, 3),
(40, 1, 4),
(41, 11, 0),
(42, 11, 1),
(43, 11, 2),
(44, 11, 3),
(45, 12, 0),
(46, 12, 0),
(47, 12, 0),
(48, 12, 0),
(49, 12, 0),
(50, 12, 0),
(51, 12, 0),
(84, 16, 0),
(85, 16, 0),
(86, 16, 0),
(87, 16, 0),
(88, 16, 0),
(89, 16, 0),
(90, 17, 0),
(91, 17, 0),
(92, 17, 0),
(93, 17, 0),
(94, 17, 0),
(95, 17, 0),
(96, 19, 0),
(97, 19, 0),
(98, 19, 0),
(99, 19, 0),
(100, 19, 0),
(101, 19, 0),
(102, 19, 0),
(103, 19, 0),
(104, 19, 0),
(105, 19, 0),
(106, 19, 0),
(107, 19, 0),
(108, 19, 0),
(109, 19, 0),
(110, 19, 0),
(111, 19, 0),
(112, 19, 0),
(113, 19, 0),
(114, 19, 0),
(115, 19, 0),
(116, 19, 0),
(117, 19, 0),
(118, 19, 0),
(119, 19, 0),
(120, 19, 0),
(121, 19, 0),
(122, 19, 0),
(123, 19, 0),
(124, 19, 0),
(125, 19, 1),
(128, 20, 0),
(129, 20, 0),
(130, 20, 0),
(131, 20, 0),
(132, 20, 0),
(133, 20, 0),
(134, 20, 0),
(135, 20, 0),
(136, 20, 0),
(137, 20, 0),
(138, 20, 0),
(139, 20, 0),
(140, 20, 0),
(141, 20, 0),
(142, 20, 0),
(143, 20, 0),
(144, 20, 0),
(145, 20, 0),
(146, 20, 0),
(147, 20, 0),
(148, 20, 0),
(149, 20, 0),
(150, 20, 0),
(151, 20, 0),
(152, 20, 0),
(153, 20, 0),
(154, 20, 0),
(155, 20, 0),
(156, 20, 0),
(157, 20, 0),
(158, 20, 0),
(159, 20, 0),
(160, 20, 0),
(161, 20, 0),
(162, 20, 0),
(163, 20, 0),
(164, 20, 0),
(165, 20, 0),
(166, 20, 0),
(167, 20, 0),
(168, 20, 0),
(169, 20, 0),
(170, 20, 0),
(171, 20, 0),
(172, 20, 0),
(173, 20, 0),
(174, 20, 0),
(175, 20, 0),
(176, 20, 0),
(177, 20, 0),
(178, 20, 0),
(179, 20, 0),
(180, 20, 0),
(181, 20, 0),
(182, 20, 0),
(183, 20, 0),
(184, 20, 0),
(185, 20, 0),
(186, 20, 0),
(187, 20, 0),
(188, 20, 0),
(189, 20, 0),
(190, 20, 0),
(191, 20, 0),
(192, 20, 0),
(193, 20, 0),
(194, 20, 0),
(195, 20, 0),
(196, 20, 0),
(197, 20, 0),
(198, 20, 0),
(199, 20, 0),
(200, 20, 0),
(201, 20, 0),
(202, 20, 0),
(203, 20, 0),
(204, 20, 0),
(205, 20, 0),
(206, 20, 0),
(207, 20, 0),
(208, 20, 0),
(209, 20, 1),
(210, 21, 0),
(211, 21, 0),
(212, 21, 0),
(213, 21, 0),
(214, 21, 0),
(215, 21, 0),
(216, 21, 0),
(217, 21, 0),
(218, 21, 0),
(219, 21, 0),
(220, 21, 0),
(221, 21, 0),
(222, 21, 0),
(223, 21, 0),
(224, 21, 0),
(225, 21, 0),
(226, 21, 0),
(227, 21, 0),
(228, 21, 0),
(229, 21, 0),
(230, 21, 0),
(231, 21, 0),
(232, 21, 0),
(233, 21, 0),
(234, 21, 0),
(235, 21, 0),
(236, 21, 0),
(237, 21, 0),
(238, 21, 0),
(239, 21, 0),
(240, 21, 0),
(241, 21, 0),
(242, 21, 0),
(243, 21, 0),
(244, 21, 0),
(245, 2, 0),
(246, 2, 0),
(247, 22, 0),
(248, 22, 0),
(249, 22, 0),
(250, 23, 0),
(251, 23, 0),
(252, 23, 0),
(253, 24, 0),
(254, 24, 0),
(255, 24, 0),
(256, 24, 0),
(257, 24, 0),
(258, 24, 0),
(259, 24, 0),
(260, 24, 0),
(261, 24, 0),
(262, 24, 0),
(263, 24, 0),
(264, 24, 0),
(265, 24, 0),
(266, 24, 0),
(267, 24, 0),
(268, 24, 0),
(269, 24, 0),
(270, 24, 0),
(271, 24, 0),
(272, 24, 0),
(273, 24, 0),
(274, 24, 0),
(275, 24, 0),
(276, 24, 0),
(277, 24, 0),
(278, 24, 0),
(279, 24, 0),
(280, 24, 0),
(281, 24, 0),
(282, 24, 0),
(283, 24, 0),
(285, 25, 0),
(286, 25, 0),
(287, 25, 0),
(288, 25, 0),
(289, 25, 0),
(290, 25, 0),
(291, 25, 0),
(292, 25, 0),
(293, 25, 0),
(294, 25, 0),
(295, 25, 0),
(296, 25, 0),
(297, 25, 0),
(298, 25, 0),
(299, 25, 0),
(300, 25, 0),
(301, 25, 0),
(302, 25, 0),
(303, 25, 0),
(304, 25, 0),
(305, 25, 0),
(306, 25, 0),
(307, 25, 0),
(308, 25, 0),
(309, 25, 0),
(310, 25, 0),
(311, 26, 0),
(312, 26, 0),
(313, 26, 0),
(314, 26, 0),
(315, 26, 0),
(316, 26, 0),
(317, 26, 0),
(318, 26, 0),
(319, 26, 0),
(320, 26, 0),
(321, 26, 0),
(322, 26, 0),
(323, 26, 0),
(324, 26, 0),
(325, 26, 0),
(326, 26, 0),
(327, 26, 0),
(328, 26, 0),
(329, 26, 0),
(330, 26, 0),
(331, 27, 0),
(332, 27, 0),
(333, 27, 0),
(334, 27, 0),
(335, 27, 0),
(336, 27, 0),
(337, 27, 0),
(338, 27, 0),
(339, 27, 0),
(340, 28, 0),
(341, 28, 0),
(342, 28, 0),
(343, 28, 0),
(344, 28, 0),
(345, 28, 0),
(346, 28, 0),
(347, 28, 0),
(348, 28, 0),
(349, 28, 0),
(350, 28, 0),
(351, 28, 0),
(352, 28, 0),
(353, 28, 0),
(354, 29, 0),
(355, 29, 0),
(356, 29, 0),
(357, 29, 0),
(358, 29, 0),
(359, 29, 0),
(360, 29, 0),
(361, 29, 0),
(362, 29, 0),
(363, 29, 0),
(364, 29, 0),
(365, 29, 0),
(366, 29, 0),
(367, 29, 0),
(368, 29, 0),
(369, 29, 0),
(370, 29, 0),
(371, 29, 0),
(372, 29, 0),
(373, 29, 0),
(374, 29, 0),
(375, 29, 0),
(376, 29, 0),
(377, 29, 0),
(378, 30, 0),
(379, 30, 0),
(380, 30, 0),
(381, 30, 0),
(382, 30, 0),
(383, 30, 0),
(384, 30, 0),
(385, 31, 0),
(386, 31, 0),
(387, 31, 0),
(388, 32, 0),
(389, 32, 0),
(390, 32, 0),
(391, 33, 0),
(392, 33, 0),
(393, 33, 0),
(394, 33, 0),
(395, 33, 0),
(396, 34, 0),
(397, 34, 0),
(398, 34, 0),
(399, 34, 0),
(400, 4, 0),
(401, 4, 0),
(402, 4, 0),
(403, 4, 0),
(404, 4, 0),
(405, 4, 0),
(406, 4, 0),
(407, 4, 0),
(408, 4, 0),
(409, 4, 0),
(411, 36, 0),
(412, 36, 0),
(413, 36, 0),
(414, 36, 0),
(415, 36, 0),
(416, 36, 0),
(417, 36, 0),
(418, 36, 0),
(419, 36, 0),
(421, 37, 0),
(422, 37, 0),
(423, 37, 0),
(424, 37, 0),
(425, 37, 0),
(427, 38, 0),
(428, 38, 0),
(429, 38, 0),
(430, 38, 0),
(431, 38, 0),
(433, 39, 0),
(434, 39, 0),
(435, 39, 0),
(436, 39, 0),
(437, 39, 0),
(438, 39, 0),
(440, 40, 0),
(441, 40, 0),
(442, 40, 0),
(443, 40, 0),
(445, 41, 0),
(446, 41, 0),
(447, 41, 0),
(448, 41, 0),
(450, 42, 0),
(451, 42, 0),
(452, 42, 0),
(453, 42, 0),
(454, 42, 0),
(455, 42, 0),
(456, 42, 0),
(458, 43, 0),
(459, 43, 0),
(460, 43, 0),
(461, 43, 0),
(462, 43, 0),
(463, 43, 0),
(465, 44, 0),
(466, 44, 0),
(467, 44, 0),
(468, 44, 0),
(469, 44, 0),
(470, 44, 0),
(472, 45, 0),
(473, 45, 0),
(474, 45, 0),
(475, 13, 0),
(476, 13, 0),
(477, 13, 0),
(478, 13, 0),
(479, 13, 0),
(480, 13, 0),
(481, 13, 0),
(482, 13, 0),
(483, 13, 0),
(484, 13, 0),
(485, 13, 0),
(486, 13, 0),
(487, 13, 0),
(488, 13, 0),
(489, 13, 0),
(490, 13, 0),
(491, 13, 0),
(492, 13, 0),
(493, 13, 0),
(494, 13, 0),
(495, 13, 0),
(496, 13, 0),
(497, 13, 0),
(498, 13, 0),
(499, 13, 0),
(500, 13, 0),
(501, 13, 0),
(502, 13, 0),
(503, 13, 0),
(504, 13, 0),
(505, 13, 0),
(506, 13, 0),
(507, 13, 0),
(508, 13, 0),
(509, 13, 0),
(510, 13, 0),
(511, 13, 0),
(512, 13, 0),
(513, 13, 0),
(514, 13, 0),
(515, 13, 0),
(516, 13, 0),
(517, 13, 1);

-- --------------------------------------------------------

--
-- Структура таблицы `profile_option_value_description`
--

CREATE TABLE IF NOT EXISTS `profile_option_value_description` (
  `profile_option_value_id` int(11) NOT NULL,
  `language_id` int(5) NOT NULL,
  `name` varchar(255) NOT NULL,
  PRIMARY KEY (`profile_option_value_id`,`language_id`)
) ENGINE=MyISAM DEFAULT CHARSET=utf8;

--
-- Дамп данных таблицы `profile_option_value_description`
--

INSERT INTO `profile_option_value_description` (`profile_option_value_id`, `language_id`, `name`) VALUES
(1, 2, 'No'),
(2, 2, 'Rare'),
(2, 1, 'Курю редко'),
(4, 1, 'Дружеские отношения'),
(5, 1, 'Романтические отношения'),
(127, 2, 'Saint-Petersburg'),
(126, 3, '莫斯科'),
(127, 1, 'Санкт-Петербург'),
(126, 2, 'Moscow'),
(126, 1, 'Москва'),
(8, 1, '25-30'),
(8, 2, '25-30'),
(8, 3, '25-30'),
(9, 1, '31-35'),
(9, 2, '31-35'),
(9, 3, '31-35'),
(25, 1, 'Атлетическое'),
(24, 3, '匀称'),
(28, 3, '蓝色'),
(28, 2, 'Blue'),
(28, 1, 'Голубой'),
(27, 3, '丰满'),
(25, 2, 'Athletic'),
(26, 1, 'Пышное'),
(25, 3, '运动'),
(26, 2, 'Curvy'),
(27, 1, 'Полное'),
(26, 3, '曲线'),
(27, 2, 'Ample'),
(24, 2, 'Average'),
(24, 1, 'Нормальное'),
(23, 1, 'Стройное'),
(23, 2, 'Slim'),
(23, 3, '苗条'),
(29, 1, 'Серый'),
(29, 2, 'Grey'),
(29, 3, '灰色'),
(30, 1, 'Зеленый'),
(30, 2, 'Green'),
(30, 3, '绿色'),
(31, 1, 'Светло-карий'),
(31, 2, 'Brown'),
(31, 3, '棕色'),
(32, 1, 'Темно-карий'),
(32, 2, 'Black'),
(32, 3, '黑色'),
(33, 1, 'Блонд'),
(33, 2, 'Light blond'),
(33, 3, '浅金色'),
(34, 1, 'Русый'),
(34, 2, 'Dark blond'),
(34, 3, '深金色'),
(35, 1, 'Рыжий'),
(35, 2, 'Red'),
(35, 3, '红色'),
(36, 1, 'Каштановый'),
(36, 2, 'Brown'),
(36, 3, '棕色'),
(37, 1, 'Черный'),
(37, 2, 'Black'),
(37, 3, '黑色'),
(38, 1, 'Седой'),
(38, 2, 'Grey'),
(38, 3, '灰色'),
(1, 1, 'Не курю'),
(2, 3, '极少'),
(39, 2, 'Often'),
(40, 1, 'Курю всегда'),
(427, 3, '蓝色'),
(41, 1, 'Не употребляю'),
(41, 2, 'No'),
(41, 3, '不饮酒'),
(42, 1, 'Употребляю редко'),
(43, 1, 'Употребляю часто'),
(44, 1, 'Употребляю всегда'),
(45, 1, 'Школа'),
(45, 2, 'High school'),
(45, 3, '高中'),
(46, 1, 'Техникум/колледж'),
(46, 2, 'Academy/College'),
(46, 3, '中专'),
(47, 1, 'Бакалавриат'),
(47, 2, 'Bachelor''s degree'),
(47, 3, '本科'),
(48, 1, 'Специалитет'),
(48, 2, 'Specialist''s degree'),
(48, 3, '专业'),
(49, 1, 'Магистратура'),
(49, 2, 'Master''s degree'),
(49, 3, '硕士'),
(50, 1, 'Аспирантура'),
(50, 2, 'Associate''s degree'),
(50, 3, '副博学士'),
(51, 1, 'Докторантура'),
(51, 2, 'PhD'),
(51, 3, '博士'),
(395, 3, '>60万'),
(395, 1, '>3000000 руб.'),
(301, 3, '电影'),
(300, 1, 'Вязание'),
(299, 3, '室内设计'),
(299, 2, 'Interior design'),
(285, 3, '表演'),
(496, 3, '工程'),
(496, 2, 'Engineering'),
(209, 3, '俄罗斯以外地区'),
(125, 3, '其他'),
(517, 3, '其他'),
(44, 3, '饮酒'),
(44, 2, 'Yes'),
(43, 3, '经常'),
(43, 2, 'Often'),
(84, 1, 'Атеизм'),
(84, 2, 'Atheism'),
(84, 3, '无神论'),
(85, 1, 'Агностицизм'),
(85, 2, 'Agnosticism'),
(85, 3, '不可知'),
(86, 1, 'Христианство'),
(86, 2, 'Christianity'),
(86, 3, '基督'),
(87, 1, 'Буддизм'),
(87, 2, 'Buddism'),
(87, 3, '佛教'),
(88, 1, 'Даосизм'),
(88, 2, 'Daoism'),
(88, 3, '道教'),
(89, 1, 'Ислам'),
(89, 2, 'Islam'),
(89, 3, '伊斯兰'),
(90, 1, 'Не замужем'),
(90, 2, 'Single'),
(90, 3, '单身'),
(91, 1, 'В отношениях'),
(91, 2, 'In a realtionship'),
(91, 3, '有朋友'),
(92, 1, 'Замужем'),
(92, 2, 'Married'),
(92, 3, '结婚'),
(93, 1, 'Все сложно'),
(93, 2, 'It''s complicated'),
(93, 3, '复杂'),
(94, 1, 'Разведен'),
(94, 2, 'Divorced'),
(94, 3, '离婚'),
(95, 1, 'Вдова/-ец'),
(95, 2, 'Widow/widower'),
(95, 3, '丧偶'),
(96, 1, 'Административная работа, секретариат'),
(96, 2, 'Administartion'),
(96, 3, '行政'),
(97, 1, 'Архитектура'),
(97, 2, 'Architechture'),
(97, 3, '建筑'),
(98, 1, 'Живопись'),
(98, 2, 'Art'),
(98, 3, '艺术'),
(99, 1, 'Банки, инвестиции'),
(99, 2, 'Banking'),
(99, 3, '银行'),
(100, 1, 'Информационные технологии, компьютеры, связь'),
(100, 2, 'Computers, IT'),
(100, 3, '计算机'),
(101, 1, 'Строительство'),
(101, 2, 'Construction'),
(101, 3, '建设'),
(102, 1, 'Консалтинг'),
(102, 2, 'Consulting'),
(102, 3, '咨询'),
(103, 1, 'Дизайн'),
(103, 2, 'Design'),
(103, 3, '设计'),
(104, 1, 'Наука, образование'),
(104, 2, 'Education'),
(104, 3, '教育'),
(105, 1, 'Инженерное дело'),
(105, 2, 'Engineering'),
(105, 3, '工程'),
(106, 1, 'Предпринимательство'),
(106, 2, 'Entrepreneurship'),
(106, 3, '企业'),
(107, 1, 'Мода и стиль'),
(107, 2, 'Fashion'),
(107, 3, '时尚'),
(108, 1, 'Финансы, бухгалтерия, аудит'),
(108, 2, 'Finance'),
(108, 3, '金融'),
(109, 1, 'Государственная служба'),
(109, 2, 'Government'),
(109, 3, '政府'),
(110, 1, 'Кадры, управление персоналом'),
(110, 2, 'HR'),
(110, 3, '人力资源'),
(111, 1, 'Туризм, гостиничное дело'),
(111, 2, 'Tourism and hospitality'),
(111, 3, '旅游服务'),
(112, 1, 'Охрана правопорядка'),
(112, 2, 'Law enforecment'),
(112, 3, '执法'),
(113, 1, 'Юриспруденция'),
(113, 2, 'Law'),
(113, 3, '法律'),
(114, 1, 'Менеджмент'),
(114, 2, 'Management'),
(114, 3, '管理'),
(115, 1, 'Маркетинг, реклама, PR'),
(115, 2, 'Marketing'),
(115, 3, '营销'),
(116, 1, 'Медицина, фармецевтика, ветеринария'),
(116, 2, 'Medicine'),
(116, 3, '医学'),
(117, 1, 'Военная служба'),
(117, 2, 'Military'),
(117, 3, '军事'),
(118, 1, 'Некоммерческие организации, волонтерство'),
(118, 2, 'Nonprofit'),
(118, 3, '公益'),
(119, 1, 'Искусство, культура, развлечения'),
(119, 2, 'Performing arts'),
(119, 3, '表演'),
(120, 1, 'Ресторанное дело'),
(120, 2, 'Restaurant'),
(120, 3, '餐馆'),
(121, 1, 'Торговля, коммерция'),
(121, 2, 'Retail'),
(121, 3, '零售'),
(122, 1, 'Уход за детьми'),
(122, 2, 'Child care'),
(122, 3, '儿童管理'),
(123, 1, 'На пенсии'),
(123, 2, 'Retired'),
(123, 3, '退休'),
(124, 1, 'Студент'),
(124, 2, 'Student'),
(124, 3, '学生'),
(125, 2, 'Other'),
(125, 1, 'Другое'),
(127, 3, '圣彼得堡'),
(128, 1, 'Республика Адыгея'),
(128, 2, 'Republic of Adygea'),
(128, 3, '阿迪格共和国'),
(129, 1, 'Республика Алтай'),
(129, 2, 'Altai Republic'),
(129, 3, '阿尔泰共和国'),
(130, 1, 'Республика Башкортостан'),
(130, 2, 'Republic of Bashkortostan'),
(130, 3, '巴什科尔托斯坦共和国'),
(131, 1, 'Республика Бурятия'),
(131, 2, 'Republic of Buryatia'),
(131, 3, '布里亚特共和国'),
(132, 1, 'Республика Дагестан'),
(132, 2, 'Republic of Dagestan'),
(132, 3, '達吉斯坦共和國'),
(133, 1, 'Республика Ингушетия'),
(133, 2, 'Republic of Ingushetia'),
(133, 3, '印古什共和國'),
(134, 1, 'Кабардино-Балкарская Республика'),
(134, 2, 'Kabardino-Balkar Republic'),
(134, 3, '卡巴爾達-巴爾卡爾共和國'),
(135, 1, 'Республика Калмыкия'),
(135, 2, 'Republic of Kalmykia'),
(135, 3, '卡尔梅克共和国'),
(136, 1, 'Карачаево-Черкесская Республика'),
(136, 2, 'Karachay–Cherkess Republic'),
(136, 3, '卡拉恰伊-切尔克斯共和国'),
(137, 1, 'Республика Карелия'),
(137, 2, 'Republic of Karelia'),
(137, 3, '卡累利阿共和国'),
(138, 1, 'Республика Коми'),
(138, 2, 'Komi Republic'),
(138, 3, '科米共和国'),
(139, 1, 'Республика Марий Эл'),
(139, 2, 'Mari El Republic'),
(139, 3, '马里埃尔共和国'),
(140, 1, 'Республика Мордовия'),
(140, 2, 'Republic of Mordovia'),
(140, 3, '莫尔多瓦共和国'),
(141, 2, 'Sakha (Yakutia) Republic'),
(141, 1, 'Республика Саха (Якутия)'),
(141, 3, '萨哈（雅库特）共和国'),
(142, 1, 'Республика Северная Осетия - Алания'),
(142, 2, 'Republic of North Ossetia–Alania'),
(142, 3, '北奥塞梯-阿兰共和国'),
(143, 1, 'Республика Татарстан'),
(143, 2, 'Republic of Tatarstan'),
(143, 3, '鞑靼斯坦共和国'),
(144, 1, 'Республика Тыва (Тува)'),
(144, 2, 'Tyva Republic'),
(144, 3, '图瓦共和国'),
(145, 1, 'Республика Удмуртия'),
(145, 2, 'Udmurt Republic'),
(145, 3, '乌德穆尔特共和國'),
(146, 1, 'Республика Хакасия'),
(146, 2, 'Republic of Khakassia'),
(146, 3, '哈卡斯共和国'),
(147, 1, 'Чеченская Республика'),
(147, 2, 'Chechen Republic'),
(147, 3, '车臣共和国'),
(148, 1, 'Чувашская Республика'),
(148, 2, 'Chuvash Republic'),
(148, 3, '楚瓦什共和國'),
(149, 1, 'Алтайский край'),
(149, 2, 'Altai Krai'),
(149, 3, '阿尔泰边疆区'),
(150, 1, 'Забайкальствий край'),
(150, 2, 'Zabaykalsky Krai'),
(150, 3, '外貝加爾邊疆區'),
(151, 1, 'Камчатский край'),
(151, 2, 'Kamchatka Krai'),
(151, 3, '堪察加边疆区'),
(152, 1, 'Краснодарский край'),
(152, 2, 'Krasnodar Krai'),
(152, 3, '克拉斯诺达尔边疆区'),
(153, 1, 'Красноярский край'),
(153, 2, 'Krasnoyarsk Krai'),
(153, 3, '克拉斯諾亞爾斯克邊疆區'),
(154, 1, 'Пермский край'),
(154, 2, 'Perm Krai'),
(154, 3, '彼尔姆邊疆區'),
(155, 1, 'Приморский край'),
(155, 2, 'Primorsky Krai'),
(155, 3, '滨海边疆区'),
(156, 1, 'Ставропольский край'),
(156, 2, 'Stavropol Krai'),
(156, 3, '斯塔夫罗波尔边疆区'),
(157, 1, 'Хабаровский край'),
(157, 2, 'Khabarovsk Krai'),
(157, 3, '哈巴罗夫斯克边疆区'),
(158, 1, 'Амурская область'),
(158, 2, 'Amur Oblast'),
(158, 3, '阿穆尔州'),
(159, 1, 'Архангельская область'),
(159, 2, 'Arkhangelsk Oblast'),
(159, 3, '阿尔汉格尔斯克州'),
(160, 1, 'Астраханская область'),
(160, 2, 'Astrakhan Oblast'),
(160, 3, '阿斯特拉罕州'),
(161, 1, 'Белгородская область'),
(161, 2, 'Belgorod Oblast'),
(161, 3, '别尔哥罗德州'),
(162, 1, 'Брянская область'),
(162, 2, 'Bryansk Oblast'),
(162, 3, '布良斯克州'),
(163, 1, 'Владимирская область'),
(163, 2, 'Vladimir Oblast'),
(163, 3, '弗拉基米尔州'),
(164, 1, 'Волгоградская область'),
(164, 2, 'Volgograd Oblast'),
(164, 3, '伏尔加格勒州'),
(165, 1, 'Вологодская область'),
(165, 2, 'Vologda Oblast'),
(165, 3, '沃洛格达州'),
(166, 1, 'Воронежская область'),
(166, 2, 'Voronezh Oblast'),
(166, 3, '沃罗涅日州'),
(167, 1, 'Ивановская область'),
(167, 2, 'Ivanovo Oblast'),
(167, 3, '伊万诺沃州'),
(168, 1, 'Иркутская область'),
(168, 2, 'Irkutsk Oblast'),
(168, 3, '伊尔库茨克州'),
(169, 1, 'Калининградская область'),
(169, 2, 'Kaliningrad Oblast'),
(169, 3, '加里宁格勒州'),
(170, 1, 'Калужская область'),
(170, 2, 'Kaluga Oblast'),
(170, 3, '卡卢加州'),
(171, 1, 'Кемеровская область'),
(171, 2, 'Kemerovo Oblast'),
(171, 3, '科麦罗沃州'),
(172, 1, 'Кировская область'),
(172, 2, 'Kirov Oblast'),
(172, 3, '基洛夫州'),
(173, 1, 'Костромская область'),
(173, 2, 'Kostroma Oblast'),
(173, 3, '科斯特罗马州'),
(174, 1, 'Курганская область'),
(174, 2, 'Kurgan Oblast'),
(174, 3, '库尔干州'),
(175, 1, 'Курская область'),
(175, 2, 'Kursk Oblast'),
(175, 3, '库尔斯克州'),
(176, 1, 'Ленинградская область'),
(176, 2, 'Leningrad Oblast'),
(176, 3, '列宁格勒州'),
(177, 1, 'Липецкая область'),
(177, 2, 'Lipetsk Oblast'),
(177, 3, '利佩茨克州'),
(178, 1, 'Магаданская область'),
(178, 2, 'Magadan Oblast'),
(178, 3, '马加丹州'),
(179, 1, 'Московская область'),
(179, 2, 'Moscow Oblast'),
(179, 3, '莫斯科州'),
(180, 1, 'Мурманская область'),
(180, 2, 'Murmansk Oblast'),
(180, 3, '摩爾曼斯克州'),
(181, 1, 'Нижегородская область'),
(181, 2, 'Nizhny Novgorod Oblast'),
(181, 3, '下诺夫哥罗德州'),
(182, 1, 'Новгородская область'),
(182, 2, 'Novgorod Oblast'),
(182, 3, '诺夫哥羅德州'),
(183, 1, 'Новосибирская область'),
(183, 2, 'Novosibirsk Oblast'),
(183, 3, '新西伯利亚州'),
(184, 1, 'Омская область'),
(184, 2, 'Omsk Oblast'),
(184, 3, '鄂木斯克州'),
(185, 1, 'Оренбургская область'),
(185, 2, 'Orenburg Oblast'),
(185, 3, '奥伦堡州'),
(186, 1, 'Орловская область'),
(186, 2, 'Oryol Oblast'),
(186, 3, '奥廖尔州'),
(187, 1, 'Пензенская область'),
(187, 2, 'Penza Oblast'),
(187, 3, '奔萨州'),
(188, 1, 'Псковская область'),
(188, 2, 'Pskov Oblast'),
(188, 3, '普斯科夫州'),
(189, 1, 'Ростовская область'),
(189, 2, 'Rostov Oblast'),
(189, 3, '罗斯托夫州'),
(190, 1, 'Рязанская область'),
(190, 2, 'Ryazan Oblast'),
(190, 3, '梁赞州'),
(191, 1, 'Самарская область'),
(191, 2, 'Samara Oblast'),
(191, 3, '萨马拉州'),
(192, 1, 'Саратовская область'),
(192, 2, 'Saratov Oblast'),
(192, 3, '萨拉托夫州'),
(193, 1, 'Сахалинская область'),
(193, 2, 'Sakhalin Oblast'),
(193, 3, '萨哈林州'),
(194, 1, 'Свердловская область'),
(194, 2, 'Sverdlovsk Oblast'),
(194, 3, '斯維爾德洛夫斯克州'),
(195, 1, 'Смоленская область'),
(195, 2, 'Smolensk Oblast'),
(195, 3, '斯摩棱斯克州'),
(196, 1, 'Тамбовская область'),
(196, 2, 'Tambov Oblast'),
(196, 3, '坦波夫州'),
(197, 1, 'Тверская область'),
(197, 2, 'Tver Oblast'),
(197, 3, '特维尔州'),
(198, 1, 'Томская область'),
(198, 2, 'Tomsk Oblast'),
(198, 3, '托木斯克州'),
(199, 1, 'Тульская область'),
(199, 2, 'Tula Oblast'),
(199, 3, '图拉州'),
(200, 1, 'Тюменская область'),
(200, 2, 'Tyumen Oblast'),
(200, 3, '秋明州'),
(201, 1, 'Ульяновская область'),
(201, 2, 'Ulyanovsk Oblast'),
(201, 3, '乌里扬诺夫斯克州'),
(202, 1, 'Челябинская область'),
(202, 2, 'Chelyabinsk Oblast'),
(202, 3, '车里雅宾斯克州'),
(203, 1, 'Ярославская область'),
(203, 2, 'Yaroslavl Oblast'),
(203, 3, '雅羅斯拉夫爾州'),
(204, 1, 'Еврейская автономная область'),
(204, 2, 'Jewish Autonomous Oblast'),
(204, 3, '犹太自治州'),
(205, 1, 'Ненецкий автономный округ'),
(205, 2, 'Nenets Autonomous Okrug'),
(205, 3, '涅涅茨自治区'),
(206, 1, 'Ханты-Мансийский автономный округ'),
(206, 2, 'Khanty-Mansi Autonomous Okrug'),
(206, 3, '汉特-曼西自治区'),
(207, 1, 'Чукотский автономный округ'),
(207, 2, 'Chukotka Autonomous Okrug'),
(207, 3, '楚科奇自治區'),
(208, 1, 'Ямало-ненецкий автономный округ'),
(208, 2, 'Yamalo-Nenets Autonomous Okrug'),
(208, 3, '亚马尔-涅涅茨自治区'),
(209, 2, 'Out of Russia'),
(209, 1, 'За пределами России'),
(210, 1, 'Пекин'),
(210, 2, 'Beijing'),
(210, 3, '北京'),
(211, 1, 'Чунцин'),
(211, 2, 'Chongqing'),
(211, 3, '重庆'),
(212, 1, 'Шанхай'),
(212, 2, 'Shanghai'),
(212, 3, '上海'),
(213, 1, 'Тяньцзинь'),
(213, 2, 'Tianjin'),
(213, 3, '天津'),
(214, 1, 'Провинция Аньхой'),
(214, 2, 'Anhui Province'),
(214, 3, '安徽'),
(215, 1, 'Провинция Фуцзянь'),
(215, 2, 'Fujian Province'),
(215, 3, '福建'),
(216, 1, 'Провинция Ганьсу'),
(216, 2, 'Gansu Province'),
(216, 3, '甘肃'),
(217, 1, 'Провинция Гуандун'),
(217, 2, 'Guangdong Province'),
(217, 3, '广东'),
(218, 1, 'Провинция Гуйчжоу'),
(218, 2, 'Guizhou Province'),
(218, 3, '贵州'),
(219, 1, 'Провинция Хайнань'),
(219, 2, 'Hainan Province'),
(219, 3, '海南'),
(220, 1, 'Провинция Хэбэй'),
(220, 2, 'Hebei Province'),
(220, 3, '河北'),
(221, 1, 'Провинция Хэйлунцзян'),
(221, 2, 'Heilongjiang Province'),
(221, 3, '黑龙江'),
(222, 1, 'Провинция Хэнань'),
(222, 2, 'Henan Province'),
(222, 3, '河南'),
(223, 1, 'Провинция Хубэй'),
(223, 2, 'Hubei Province'),
(223, 3, '湖北'),
(224, 1, 'Провинция Хунань'),
(224, 2, 'Hunan Province'),
(224, 3, '湖南'),
(225, 1, 'Провинция Цзянсу'),
(225, 2, 'Jiangsu Province'),
(225, 3, '江苏'),
(226, 1, 'Провинция Цзянси'),
(226, 2, 'Jiangxi Province'),
(226, 3, '江西'),
(227, 1, 'Провинция Гирин'),
(227, 2, 'Jilin Province'),
(227, 3, '吉林'),
(228, 1, 'Провинция Ляонин'),
(228, 2, 'Liaoning Province'),
(228, 3, '辽宁'),
(229, 1, 'Провинция Цинхай'),
(229, 2, 'Qinghai Province'),
(229, 3, '青海'),
(230, 1, 'Провинция Шаньси'),
(230, 2, 'Shanxi Province'),
(230, 3, '山西'),
(231, 1, 'Провинция Шаньдун'),
(231, 2, 'Shandong Province'),
(231, 3, '山东'),
(232, 1, 'Провинция Шэньси'),
(232, 2, 'Shaanxi Province'),
(232, 3, '陕西'),
(233, 1, 'Провинция Сычуань'),
(233, 2, 'Sichuan Province'),
(233, 3, '四川'),
(234, 1, 'Провинция Юньнань'),
(234, 2, 'Yunnan Province'),
(234, 3, '云南'),
(235, 1, 'Провинция Чжэцзян'),
(235, 2, 'Zhejiang Province'),
(235, 3, '浙江'),
(236, 1, 'Гуанси-Чжуанский автономный район'),
(236, 2, 'Guangxi Autonomous Region'),
(236, 3, '广西'),
(237, 1, 'Внутренняя Монголия'),
(237, 2, 'Inner Mongolia'),
(237, 3, '内蒙古'),
(238, 1, 'Нинся-Хуэйский автономный район'),
(238, 2, 'Ningxia Autonomous Region'),
(238, 3, '宁夏'),
(239, 1, 'Синьцзян-Уйгурский автонмный район'),
(239, 2, 'Xinjiang Autonomous Region'),
(239, 3, '新疆'),
(240, 1, 'Тибетский автономный район'),
(240, 2, 'Tibet Autonomuos Region'),
(240, 3, '西藏'),
(241, 1, 'Тайвань'),
(241, 2, 'Taiwan'),
(241, 3, '台湾'),
(242, 1, 'Гонконг'),
(242, 2, 'Hong Kong '),
(242, 3, '香港'),
(243, 1, 'Макао'),
(243, 2, 'Macau'),
(243, 3, '澳门'),
(244, 1, 'За пределами Китая'),
(244, 2, 'Out of China'),
(244, 3, '中国以外地区'),
(4, 2, 'Friendship'),
(4, 3, '朋友'),
(5, 2, 'Romance'),
(5, 3, '浪漫'),
(245, 1, 'Женитьба/Замужество'),
(245, 2, 'Marriage'),
(245, 3, '婚姻'),
(246, 1, 'Другое'),
(246, 2, 'Other'),
(246, 3, '其他'),
(247, 1, 'Да'),
(247, 2, 'Yes'),
(247, 3, '是的'),
(248, 1, 'Нет'),
(248, 2, 'No'),
(248, 3, '不是'),
(249, 1, 'Пока не определился/не определилась'),
(249, 2, 'Not sure yet'),
(249, 3, '不确定'),
(250, 1, 'Да'),
(250, 2, 'Yes'),
(250, 3, '会的'),
(251, 1, 'Нет'),
(251, 2, 'No'),
(251, 3, '不会'),
(252, 1, 'Пока не определился/не определилась'),
(252, 2, 'Not sure yet'),
(252, 3, '不确定'),
(253, 1, 'авантюрный'),
(253, 2, 'adventurous '),
(253, 3, '冒险型'),
(254, 1, 'спокойный'),
(254, 2, 'calm '),
(254, 3, '稳重型'),
(255, 1, 'заботливый'),
(255, 2, 'caring '),
(255, 3, '体贴型'),
(256, 1, 'веселый'),
(256, 2, 'cheerful '),
(256, 3, '快乐型'),
(257, 1, 'креативный'),
(257, 2, 'creative '),
(257, 3, '创新型'),
(258, 1, 'любознательный'),
(258, 2, 'curious '),
(258, 3, '好奇型'),
(259, 1, 'энергичный'),
(259, 2, 'energetic '),
(259, 3, '活力型'),
(260, 1, 'дружелюбный'),
(260, 2, 'friendly '),
(260, 3, '友好型'),
(261, 1, 'щедрый'),
(261, 2, 'generous '),
(261, 3, '大方型'),
(262, 1, 'мягкий'),
(262, 2, 'gentle '),
(262, 3, '温柔型'),
(263, 1, 'трудолюбивый'),
(263, 2, 'hardworking '),
(263, 3, '勤奋型'),
(264, 1, 'честный'),
(264, 2, 'honest '),
(264, 3, '老实型'),
(265, 1, 'смешной'),
(265, 2, 'humorous'),
(265, 3, '幽默型'),
(266, 1, 'умный'),
(266, 2, 'intelligent '),
(266, 3, '智慧型'),
(267, 1, 'добрый'),
(267, 2, 'kind '),
(267, 3, '好人型'),
(268, 1, 'верный'),
(268, 2, 'loyal'),
(268, 3, '忠诚型'),
(269, 1, 'скромный'),
(269, 2, 'modest '),
(269, 3, '谦虚型'),
(270, 1, 'страстный'),
(270, 2, 'passionate '),
(270, 3, '热情型'),
(271, 1, 'терпеливый'),
(271, 2, 'patient '),
(271, 3, '耐心型'),
(272, 1, 'надежный'),
(272, 2, 'reliable '),
(272, 3, '可靠型'),
(273, 1, 'романтичный'),
(273, 2, 'romantic '),
(273, 3, '浪漫型'),
(274, 1, 'чувственный'),
(274, 2, 'sensual '),
(274, 3, '感性型'),
(275, 1, 'сентиментальный'),
(275, 2, 'sentimental '),
(275, 3, '情绪型'),
(276, 1, 'серьезный'),
(276, 2, 'serious '),
(276, 3, '认真型'),
(277, 1, 'застенчивый'),
(277, 2, 'shy '),
(277, 3, '害羞型'),
(278, 1, 'искренний'),
(278, 2, 'sincere '),
(278, 3, '真诚型'),
(279, 1, 'общительный'),
(279, 2, 'sociable '),
(279, 3, '社交型'),
(280, 1, 'спонтанный'),
(280, 2, 'spontaneous '),
(280, 3, '率真型'),
(281, 1, 'толерантный'),
(281, 2, 'tolerant '),
(281, 3, '宽容型'),
(282, 1, 'понимающий'),
(282, 2, 'understanding '),
(282, 3, '体谅型'),
(283, 1, 'остроумный'),
(283, 2, 'witty'),
(283, 3, '机智型'),
(42, 3, '很少'),
(42, 2, 'Rare'),
(40, 3, '吸烟'),
(285, 2, 'Acting'),
(285, 1, 'Театр'),
(286, 1, 'астрология'),
(286, 2, 'astrology '),
(286, 3, '占卜'),
(287, 1, 'ведение блога'),
(287, 2, 'blogging'),
(287, 3, '博客'),
(288, 1, 'настольные игры'),
(288, 2, 'board games'),
(288, 3, '游戏'),
(289, 1, 'красота'),
(289, 2, 'beauty'),
(289, 3, '美容'),
(290, 1, 'авто и мото'),
(290, 2, 'cars and bikes'),
(290, 3, '汽车和自行车'),
(291, 1, 'шахматы'),
(291, 2, 'chess'),
(291, 3, '下棋'),
(292, 1, 'коллекционирование'),
(292, 2, 'collectables '),
(292, 3, '收藏'),
(293, 1, 'компьютеры'),
(293, 2, 'computers '),
(293, 3, '电脑'),
(294, 1, 'танцы'),
(294, 2, 'dancing '),
(294, 3, '跳舞'),
(295, 1, 'мода'),
(295, 2, 'fashion '),
(295, 3, '时尚'),
(296, 1, 'рыбалка'),
(296, 2, 'fishing '),
(296, 3, '钓鱼'),
(297, 1, 'садоводство'),
(297, 2, 'gardening '),
(297, 3, '园艺'),
(298, 1, 'охота'),
(298, 2, 'hunting '),
(298, 3, '狩猎'),
(299, 1, 'Дизайн интерьеров'),
(300, 2, 'Knitting '),
(300, 3, '编织'),
(301, 2, 'Movies'),
(301, 1, 'Фильмы'),
(302, 1, 'игра на музыкальных инструментах'),
(302, 2, 'playing musical instruments'),
(302, 3, '乐器'),
(303, 1, 'рисование'),
(303, 2, 'painting '),
(303, 3, '画画'),
(304, 1, 'животные'),
(304, 2, 'pets '),
(304, 3, '宠物'),
(305, 1, 'фотография'),
(305, 2, 'photography '),
(305, 3, '摄影'),
(306, 1, 'чтение'),
(306, 2, 'reading '),
(306, 3, '阅读'),
(307, 1, 'шитье'),
(307, 2, 'sewing'),
(307, 3, '缝纫'),
(308, 1, 'пение'),
(308, 2, 'singing'),
(308, 3, '唱歌'),
(309, 1, 'спорт'),
(309, 2, 'sports'),
(309, 3, '运动'),
(310, 1, 'другое'),
(310, 2, 'other'),
(310, 3, '其他'),
(311, 1, 'бары'),
(311, 2, 'bars'),
(311, 3, '酒吧'),
(312, 1, 'кинотеатры'),
(312, 2, 'cinema'),
(312, 3, '电影'),
(313, 1, 'концерты'),
(313, 2, 'concerts'),
(313, 3, '音乐会'),
(314, 1, 'природа'),
(314, 2, 'countryside '),
(314, 3, '郊游'),
(315, 1, 'выставки'),
(315, 2, 'exhibitions '),
(315, 3, '展览'),
(316, 1, 'семья'),
(316, 2, 'family '),
(316, 3, '家庭'),
(317, 1, 'фестивали'),
(317, 2, 'festivals'),
(317, 3, '过节'),
(318, 1, 'прогулки'),
(318, 2, 'hiking '),
(318, 3, '徒步旅行'),
(319, 1, 'друзья'),
(319, 2, 'friends'),
(319, 3, '朋友'),
(320, 1, 'музеи'),
(320, 2, 'museums'),
(320, 3, '博物馆'),
(321, 1, 'ночные клубы'),
(321, 2, 'night clubs'),
(321, 3, '夜总会'),
(322, 1, 'рестораны'),
(322, 2, 'restaurants '),
(322, 3, '饭馆'),
(323, 1, 'покупки'),
(323, 2, 'shopping '),
(323, 3, '购物'),
(324, 1, 'достопримечательности'),
(324, 2, 'sightseeing '),
(324, 3, '观光'),
(325, 1, 'общественные мероприятия'),
(325, 2, 'social events'),
(325, 3, '社交'),
(326, 1, 'спортивыне мероприятия'),
(326, 2, 'sporting events'),
(326, 3, '运动'),
(327, 1, 'Интернет'),
(327, 2, 'Internet'),
(327, 3, '上网'),
(328, 1, 'театры'),
(328, 2, 'theatre'),
(328, 3, '剧院'),
(329, 1, 'путешествия'),
(329, 2, 'travelling'),
(329, 3, '旅行'),
(330, 1, 'другое'),
(330, 2, 'other'),
(330, 3, '其他'),
(331, 1, 'классическая'),
(331, 2, 'classical '),
(331, 3, '古典'),
(332, 1, 'кантри'),
(332, 2, 'country '),
(332, 3, '乡村'),
(333, 1, 'диско'),
(333, 2, 'disco'),
(333, 3, '迪士科'),
(334, 1, 'этническая'),
(334, 2, 'folk/ethnic'),
(334, 3, '传统/民族'),
(335, 1, 'джаз'),
(335, 2, 'jazz '),
(335, 3, '爵士'),
(336, 1, 'оперная'),
(336, 2, 'opera '),
(336, 3, '戏曲'),
(337, 1, 'популярная'),
(337, 2, 'pop '),
(337, 3, '流行'),
(338, 1, 'рок'),
(338, 2, 'rock'),
(338, 3, '摇滚'),
(339, 1, 'другое'),
(339, 2, 'other'),
(339, 3, '其他'),
(340, 1, 'приключения'),
(340, 2, 'adventure'),
(340, 3, '冒险'),
(341, 1, 'арт-хаус'),
(341, 2, 'art-house'),
(341, 3, '艺术'),
(342, 1, 'мультфильмы'),
(342, 2, 'cartoon'),
(342, 3, '卡通'),
(343, 1, 'комедии'),
(343, 2, 'comedy'),
(343, 3, '喜剧'),
(344, 1, 'документальный'),
(344, 2, 'documentary'),
(344, 3, '纪录'),
(345, 1, 'драма'),
(345, 2, 'drama'),
(345, 3, '歌剧'),
(346, 1, 'семейный'),
(346, 2, 'family '),
(346, 3, '家庭'),
(347, 1, 'фантастика'),
(347, 2, 'fantasy'),
(347, 3, '科幻'),
(348, 1, 'исторический'),
(348, 2, 'history'),
(348, 3, '历史'),
(349, 1, 'ужасы'),
(349, 2, 'horror'),
(349, 3, '恐怖'),
(350, 1, 'музыкальный'),
(350, 2, 'musical'),
(350, 3, '音乐'),
(351, 1, 'романтический'),
(351, 2, 'romance'),
(351, 3, '浪漫'),
(352, 1, 'триллер'),
(352, 2, 'thriller'),
(352, 3, '惊险'),
(353, 1, 'другое'),
(353, 2, 'other'),
(353, 3, '其他'),
(354, 1, 'баскетбол'),
(354, 2, 'basketball '),
(354, 3, '篮球'),
(355, 1, 'езда на велосипеде'),
(355, 2, 'bicycling '),
(355, 3, '自行车'),
(356, 1, 'скалолазание'),
(356, 2, 'climbing '),
(356, 3, '爬山'),
(357, 1, 'фитнес'),
(357, 2, 'fitness '),
(357, 3, '健身'),
(358, 1, 'футбол'),
(358, 2, 'football '),
(358, 3, '足球'),
(359, 1, 'гольф'),
(359, 2, 'golf '),
(359, 3, '高尔夫'),
(360, 1, 'гимнастика'),
(360, 2, 'gymnastics'),
(360, 3, '体操'),
(361, 1, 'хоккей'),
(361, 2, 'hockey'),
(361, 3, '曲棍球'),
(362, 1, 'верховая езда'),
(362, 2, 'horse-riding'),
(362, 3, '马术'),
(363, 1, 'бег'),
(363, 2, 'jogging'),
(363, 3, '跑步'),
(364, 1, 'настольный теннис'),
(364, 2, 'ping-pong'),
(364, 3, '乒乓'),
(365, 1, 'катание на роликах'),
(365, 2, 'roller skating'),
(365, 3, '滚轴'),
(366, 1, 'ныряние с аквалангом'),
(366, 2, 'scuba diving'),
(366, 3, '潜水'),
(367, 1, 'стрельба из лука'),
(367, 2, 'shooting'),
(367, 3, '射击'),
(368, 1, 'фигурное катание'),
(368, 2, 'ice skating'),
(368, 3, '滑冰'),
(369, 1, 'боевые искусства'),
(369, 2, 'martial arts'),
(369, 3, '武术'),
(370, 1, 'катание на лыжах'),
(370, 2, 'skiing'),
(370, 3, '滑雪'),
(371, 1, 'катание на сноуборде'),
(371, 2, 'snowboarding'),
(371, 3, '滑板'),
(372, 1, 'плавание'),
(372, 2, 'swimming'),
(372, 3, '游泳'),
(373, 1, 'теннис'),
(373, 2, 'tennis'),
(373, 3, '网球'),
(374, 1, 'волейбол'),
(374, 2, 'volleyball'),
(374, 3, '排球'),
(375, 1, 'тяжелая атлетика'),
(375, 2, 'weightlifting'),
(375, 3, '举重'),
(376, 1, 'йога'),
(376, 2, 'yoga'),
(376, 3, '瑜伽'),
(377, 1, 'другое'),
(377, 2, 'other'),
(377, 3, '其他'),
(378, 1, 'бизнес'),
(378, 2, 'business'),
(378, 3, '商务'),
(379, 1, 'повседневный'),
(379, 2, 'casual'),
(379, 3, '休闲'),
(380, 1, 'классический'),
(380, 2, 'classic'),
(380, 3, '古典'),
(381, 1, 'гламурный'),
(381, 2, 'glam and sexy'),
(381, 3, '性感'),
(382, 1, 'экстравагантный'),
(382, 2, 'extravagant'),
(382, 3, '奢华'),
(383, 1, 'спортивный'),
(383, 2, 'sport'),
(383, 3, '运动'),
(384, 1, 'другое'),
(384, 2, 'other'),
(384, 3, '其他'),
(385, 1, 'Да'),
(385, 2, 'Yes'),
(385, 3, '会的'),
(386, 1, 'Нет'),
(386, 2, 'No'),
(386, 3, '不会'),
(387, 1, 'Иногда'),
(387, 2, 'Occasionally'),
(387, 3, '有时候'),
(388, 1, 'Да'),
(388, 2, 'Yes'),
(388, 3, '做家务'),
(389, 1, 'Нет'),
(389, 2, 'No'),
(389, 3, '不做家务'),
(390, 1, 'Иногда'),
(390, 2, 'Occasionally'),
(390, 3, '有时候'),
(391, 2, '<10000 USD'),
(392, 1, '300000 руб. - 600000 руб.'),
(392, 2, '10000 USD - 20000 USD'),
(392, 3, '6万-12万'),
(393, 1, '600000 руб. - 1500000 руб.'),
(393, 2, '20000 USD - 50000 USD'),
(393, 3, '12万-30万'),
(394, 1, '1500000 руб. - 3000000 руб.'),
(394, 2, '50000 USD - 100000 USD'),
(394, 3, '30万-60万'),
(395, 2, '>100000 USD'),
(396, 1, 'Да, квартира'),
(396, 2, 'Yes, apartment'),
(396, 3, '有，公寓'),
(397, 1, 'Да, дом'),
(397, 2, 'Yes, house'),
(397, 3, '有，别墅'),
(398, 1, 'Да, несколько квартир/домов'),
(398, 2, 'Yes, several apartments/houses'),
(398, 3, '有，几个公寓和房子'),
(391, 1, '<300000 руб.'),
(399, 1, 'Нет'),
(399, 2, 'No'),
(399, 3, '无'),
(400, 1, '18-25'),
(400, 2, '18-25'),
(400, 3, '18-25'),
(401, 1, '16-20'),
(401, 2, '16-20'),
(401, 3, '16-20'),
(402, 1, '35-40'),
(402, 2, '35-40'),
(402, 3, '35-40'),
(403, 1, '40-47'),
(403, 2, '40-47'),
(403, 3, '40-47'),
(404, 1, '46-55'),
(404, 2, '46-55'),
(404, 3, '46-55'),
(405, 1, '56-65'),
(405, 2, '56-65'),
(405, 3, '56-65'),
(406, 1, '65-70'),
(406, 2, '65-70'),
(406, 3, '65-70'),
(407, 1, '70-77'),
(407, 2, '70-77'),
(407, 3, '70-77'),
(408, 1, '78-95'),
(408, 2, '78-95'),
(408, 3, '78-95'),
(409, 1, '95-120'),
(409, 2, '95-120'),
(409, 3, '95-120'),
(411, 1, '140-155'),
(411, 2, '140-155'),
(411, 3, '140-155'),
(412, 1, '156-160'),
(412, 2, '156-160'),
(412, 3, '156-160'),
(413, 1, '161-165'),
(413, 2, '161-165'),
(413, 3, '161-165'),
(414, 1, '166-172'),
(414, 2, '166-172'),
(414, 3, '166-172'),
(415, 1, '173-176'),
(415, 2, '173-176'),
(415, 3, '173-176'),
(416, 1, '177-185'),
(416, 2, '177-185'),
(416, 3, '177-185'),
(417, 1, '186-193'),
(417, 2, '186-193'),
(417, 3, '186-193'),
(418, 1, '194-198'),
(418, 2, '194-198'),
(418, 3, '194-198'),
(419, 1, '199-205'),
(419, 2, '199-205'),
(419, 3, '199-205'),
(421, 1, 'Стройное'),
(422, 1, 'Нормальное'),
(423, 1, 'Атлетическое'),
(424, 2, 'Curvy'),
(424, 1, 'Пышное'),
(425, 2, 'Ample'),
(425, 1, 'Полное'),
(427, 2, 'Blue'),
(427, 1, 'Голубой'),
(428, 2, 'Grey'),
(428, 1, 'Серый'),
(429, 2, 'Green'),
(429, 1, 'Зеленый'),
(430, 1, 'Светло-карий'),
(431, 1, 'Темно-карий'),
(433, 3, '浅金色'),
(433, 2, 'Light blond'),
(433, 1, 'Блонд'),
(434, 3, '深金色'),
(434, 2, 'Dark blond'),
(434, 1, 'Русый'),
(435, 2, 'Red'),
(435, 1, 'Рыжий'),
(436, 1, 'Каштановый'),
(437, 2, 'Black'),
(437, 1, 'Черный'),
(438, 2, 'Grey'),
(438, 1, 'Седой'),
(440, 2, 'No'),
(440, 1, 'Не курю'),
(441, 1, 'Курю редко'),
(442, 1, 'Курю часто'),
(443, 1, 'Курю всегда'),
(445, 1, 'Не употребляю'),
(446, 1, 'Употребляю редко'),
(447, 1, 'Употребляю часто'),
(448, 1, 'Употребляю всегда'),
(450, 2, 'High school'),
(450, 1, 'Школа'),
(451, 1, 'Техникум/колледж'),
(452, 2, 'Bachelor''s degree'),
(452, 1, 'Бакалавриат'),
(453, 2, 'Specialist''s degree'),
(453, 1, 'Специалитет'),
(454, 1, 'Магистратура'),
(455, 2, 'Associate''s degree'),
(455, 1, 'Аспирантура'),
(456, 1, 'Докторантура'),
(458, 2, 'Atheism'),
(458, 1, 'Атеизм'),
(459, 2, 'Agnosticism'),
(459, 1, 'Агностицизм'),
(460, 1, 'Христианство'),
(461, 2, 'Buddism'),
(461, 1, 'Буддизм'),
(462, 2, 'Daoism'),
(462, 1, 'Даосизм'),
(463, 3, '伊斯兰'),
(463, 2, 'Islam'),
(463, 1, 'Ислам'),
(465, 1, 'Не замужем/не женат'),
(466, 2, 'In a realtionship'),
(466, 1, 'В отношениях'),
(467, 1, 'Замужем/женат'),
(468, 2, 'It''s complicated'),
(468, 1, 'Все сложно'),
(469, 2, 'Divorced'),
(470, 2, 'Widow/widower'),
(470, 1, 'Вдова/-ец'),
(472, 1, 'Да, живут со мной'),
(472, 2, 'Yes, live with me'),
(472, 3, '有, 和我住'),
(473, 1, 'Да, не живут со мной'),
(473, 2, 'Yes, do not live with me'),
(473, 3, '有, 不和我住'),
(474, 1, 'Нет'),
(474, 2, 'No'),
(474, 3, '无'),
(475, 1, 'Искусство'),
(475, 2, 'Art'),
(475, 3, '艺术'),
(476, 1, 'Биология'),
(476, 2, 'Biology'),
(476, 3, '生物'),
(477, 1, 'Экология'),
(477, 2, 'Ecology'),
(477, 3, '生态'),
(478, 1, 'Иностранные языки'),
(478, 2, 'Foreign languages'),
(478, 3, '外语'),
(479, 1, 'Менеджмент'),
(479, 2, 'Management'),
(479, 3, '管理'),
(480, 1, 'Маркетинг'),
(480, 2, 'Marketing'),
(480, 3, '营销'),
(481, 1, 'Государственная служба'),
(481, 2, 'Government studies'),
(481, 3, '政府研究'),
(482, 1, 'Логистика'),
(482, 2, 'Logistics'),
(482, 3, '物流'),
(483, 1, 'Информационные технологии'),
(483, 2, 'IT'),
(483, 3, 'IT'),
(484, 1, 'География'),
(484, 2, 'Geography'),
(484, 3, '地理'),
(485, 1, 'Геология'),
(485, 2, 'Geology'),
(485, 3, '地质'),
(486, 1, 'Архитектура'),
(486, 2, 'Architecture'),
(486, 3, '建筑'),
(487, 1, 'Журнализм'),
(487, 2, 'Journalism'),
(487, 3, '新闻'),
(488, 1, 'Связи с общественностью'),
(488, 2, 'PR'),
(488, 3, '公关'),
(489, 1, 'Исполнительские виды искусства'),
(489, 2, 'Performing arts'),
(489, 3, '表演'),
(490, 1, 'История'),
(490, 2, 'History'),
(490, 3, '历史'),
(491, 1, 'Математика'),
(491, 2, 'Mathematics'),
(491, 3, '数学'),
(492, 1, 'Астрономия'),
(492, 2, 'Astronomy'),
(492, 3, '天文'),
(493, 1, 'Медицина'),
(493, 2, 'Medicine'),
(493, 3, '医学'),
(494, 1, 'Сестринское дело'),
(494, 2, 'Nursing'),
(494, 3, '护理'),
(495, 1, 'Международные отношения'),
(495, 2, 'International relations'),
(495, 3, '国际关系'),
(496, 1, 'Инженерное дело'),
(497, 1, 'Русский язык и литература'),
(497, 2, 'Russian language and Literature'),
(497, 3, '俄语文学'),
(498, 1, 'Китайский язык и литература'),
(498, 2, 'Chinese language and Literature'),
(498, 3, '中文文学'),
(499, 1, 'Связи с властью'),
(499, 2, 'GR'),
(499, 3, 'GR'),
(500, 1, 'Политика'),
(500, 2, 'Political science'),
(500, 3, '政治科学'),
(501, 1, 'Психология'),
(501, 2, 'Psychology'),
(501, 3, '心理学'),
(502, 1, 'Социология'),
(502, 2, 'Sociology'),
(502, 3, '社会学'),
(503, 1, 'Философия'),
(503, 2, 'Philosophy'),
(503, 3, '人类学'),
(504, 1, 'Экономика'),
(504, 2, 'Economics'),
(504, 3, '经济学'),
(505, 1, 'Физика'),
(505, 2, 'Physics'),
(505, 3, '物理'),
(506, 1, 'Химия'),
(506, 2, 'Chemistry'),
(506, 3, '化学'),
(507, 1, 'Юриспруденция'),
(507, 2, 'Law'),
(507, 3, '法律'),
(508, 1, 'Физическая культура'),
(508, 2, 'Physical education'),
(508, 3, '体育'),
(509, 1, 'Финансы'),
(509, 2, 'Finance'),
(509, 3, '金融'),
(510, 1, 'Бухгалтерское дело'),
(510, 2, 'Accounting'),
(510, 3, '会计'),
(511, 1, 'Дизайн'),
(511, 2, 'Design'),
(511, 3, '设计'),
(512, 1, 'Музыка'),
(512, 2, 'Music'),
(512, 3, '音乐'),
(513, 1, 'Военное дело'),
(513, 2, 'Military'),
(513, 3, '军事'),
(514, 1, 'Туризм'),
(514, 2, 'Tourism'),
(514, 3, '旅游'),
(515, 1, 'Поварское дело'),
(515, 2, 'Cooking'),
(515, 3, '厨艺'),
(516, 1, 'Швейное дело'),
(516, 2, 'Sewing'),
(516, 3, '缝纫'),
(517, 2, 'Other'),
(517, 1, 'Другое'),
(391, 3, '<6万'),
(39, 3, '经常'),
(1, 3, '不吸烟'),
(39, 1, 'Курю часто'),
(40, 2, 'Yes'),
(428, 3, '灰色'),
(429, 3, '绿色'),
(430, 2, 'Brown'),
(430, 3, '棕色'),
(431, 2, 'Black'),
(431, 3, '黑色'),
(421, 2, 'Slim'),
(421, 3, '苗条'),
(422, 2, 'Average'),
(422, 3, '匀称'),
(423, 2, 'Athletic'),
(423, 3, '运动'),
(424, 3, '曲线'),
(425, 3, '丰满'),
(435, 3, '红色'),
(436, 2, 'Brown'),
(436, 3, '棕色'),
(437, 3, '黑色'),
(438, 3, '灰色'),
(440, 3, '不吸烟'),
(441, 2, 'Rare'),
(441, 3, '极少'),
(442, 2, 'Often'),
(442, 3, '经常'),
(443, 2, 'Yes'),
(443, 3, '吸烟'),
(445, 2, 'No'),
(445, 3, '不饮酒'),
(446, 2, 'Rare'),
(446, 3, '很少'),
(447, 2, 'Often'),
(447, 3, '经常'),
(448, 2, 'Yes'),
(448, 3, '饮酒'),
(450, 3, '高中'),
(451, 2, 'Academy/College'),
(451, 3, '中专'),
(452, 3, '本科'),
(453, 3, '硕士'),
(454, 2, 'Master''s degree'),
(454, 3, '博士'),
(455, 3, '副博学士'),
(456, 2, 'PhD'),
(456, 3, '博士'),
(458, 3, '无神论'),
(459, 3, '不可知'),
(460, 2, 'Christianity'),
(460, 3, '基督'),
(461, 3, '佛教'),
(462, 3, '道教'),
(465, 2, 'Single'),
(465, 3, '单身'),
(466, 3, '已婚'),
(467, 2, 'Married'),
(467, 3, '离婚'),
(468, 3, '丧偶'),
(469, 1, 'Разведена'),
(469, 3, '离婚'),
(470, 3, '丧偶');

-- --------------------------------------------------------

--
-- Структура таблицы `related_option_values`
--

CREATE TABLE IF NOT EXISTS `related_option_values` (
  `value1` int(11) NOT NULL,
  `value2` int(11) NOT NULL,
  PRIMARY KEY (`value1`,`value2`)
) ENGINE=MyISAM DEFAULT CHARSET=utf8;

--
-- Дамп данных таблицы `related_option_values`
--

INSERT INTO `related_option_values` (`value1`, `value2`) VALUES
(1, 440),
(2, 441),
(23, 421),
(24, 422),
(25, 423),
(26, 424),
(27, 425),
(28, 427),
(29, 428),
(30, 429),
(31, 430),
(32, 431),
(33, 433),
(34, 434),
(35, 435),
(36, 436),
(37, 437),
(38, 438),
(39, 442),
(40, 443),
(41, 445),
(42, 446),
(43, 447),
(44, 448),
(45, 450),
(46, 451),
(47, 452),
(48, 453),
(49, 454),
(50, 455),
(51, 456),
(84, 458),
(85, 459),
(86, 460),
(87, 461),
(88, 462),
(89, 463),
(90, 465),
(91, 466),
(92, 467),
(93, 468),
(94, 469),
(95, 470),
(421, 23),
(422, 24),
(423, 25),
(424, 26),
(425, 27),
(427, 28),
(428, 29),
(429, 30),
(430, 31),
(431, 32),
(433, 33),
(434, 34),
(435, 35),
(436, 36),
(437, 37),
(438, 38),
(440, 1),
(441, 2),
(442, 39),
(443, 40),
(445, 41),
(446, 42),
(447, 43),
(448, 44),
(450, 45),
(451, 46),
(452, 47),
(453, 48),
(454, 49),
(455, 50),
(456, 51),
(458, 84),
(459, 85),
(460, 86),
(461, 87),
(462, 88),
(463, 89),
(465, 90),
(466, 91),
(467, 92),
(468, 93),
(469, 94),
(470, 95);

-- --------------------------------------------------------

--
-- Структура таблицы `sessions`
--

CREATE TABLE IF NOT EXISTS `sessions` (
  `session_id` varchar(32) NOT NULL,
  `modified` int(11) DEFAULT NULL,
  `lifetime` int(11) DEFAULT NULL,
  `data` text NOT NULL,
  PRIMARY KEY (`session_id`)
) ENGINE=MyISAM DEFAULT CHARSET=utf8;

--
-- Дамп данных таблицы `sessions`
--

INSERT INTO `sessions` (`session_id`, `modified`, `lifetime`, `data`) VALUES
('chrdj6anh4oh97qnlcrkegr6q3', 1354339314, 1209600, 'site|a:1:{s:8:"language";a:4:{s:11:"language_id";s:1:"2";s:4:"name";s:7:"English";s:4:"code";s:2:"en";s:6:"locale";s:5:"en_US";}}'),
('u70kgc0j3tf0ka4vohb3rcrp67', 1354514870, 1209600, 'site|a:1:{s:8:"language";a:4:{s:11:"language_id";s:1:"1";s:4:"name";s:14:"Русский";s:4:"code";s:2:"ru";s:6:"locale";s:11:"ru_RU.UTF-8";}}'),
('goc2qdc4k1nos71v937kc629o6', 1354514889, 1209600, 'site|a:1:{s:8:"language";a:4:{s:11:"language_id";s:1:"1";s:4:"name";s:14:"Русский";s:4:"code";s:2:"ru";s:6:"locale";s:11:"ru_RU.UTF-8";}}'),
('sa2os8crpkfhob3m9tv49iro85', 1353661459, 1209600, 'site|a:1:{s:8:"language";a:4:{s:11:"language_id";s:1:"1";s:4:"name";s:14:"Русский";s:4:"code";s:2:"ru";s:6:"locale";s:11:"ru_RU.UTF-8";}}'),
('0qakldgtnk5u5h4217godoeha4', 1353671335, 1209600, 'site|a:1:{s:8:"language";a:4:{s:11:"language_id";s:1:"1";s:4:"name";s:14:"Русский";s:4:"code";s:2:"ru";s:6:"locale";s:11:"ru_RU.UTF-8";}}'),
('vjtjvr9padmbjg9dbkpo2go8g7', 1353671481, 1209600, 'site|a:1:{s:8:"language";a:4:{s:11:"language_id";s:1:"1";s:4:"name";s:14:"Русский";s:4:"code";s:2:"ru";s:6:"locale";s:11:"ru_RU.UTF-8";}}'),
('uo2tvseq1f5ifc62lmi5tqq9f7', 1353671582, 1209600, 'site|a:1:{s:8:"language";a:4:{s:11:"language_id";s:1:"1";s:4:"name";s:14:"Русский";s:4:"code";s:2:"ru";s:6:"locale";s:11:"ru_RU.UTF-8";}}'),
('rtcs9des5sunn4kh7fijm0opd6', 1353674127, 1209600, 'site|a:1:{s:8:"language";a:4:{s:11:"language_id";s:1:"1";s:4:"name";s:14:"Русский";s:4:"code";s:2:"ru";s:6:"locale";s:11:"ru_RU.UTF-8";}}'),
('o1isvhilhv02r65a2ej52sp5s3', 1353674127, 1209600, 'site|a:1:{s:8:"language";a:4:{s:11:"language_id";s:1:"1";s:4:"name";s:14:"Русский";s:4:"code";s:2:"ru";s:6:"locale";s:11:"ru_RU.UTF-8";}}'),
('iutpuv4jf79kgec6aq2ner6dh4', 1353661459, 1209600, 'site|a:1:{s:8:"language";a:4:{s:11:"language_id";s:1:"1";s:4:"name";s:14:"Русский";s:4:"code";s:2:"ru";s:6:"locale";s:11:"ru_RU.UTF-8";}}'),
('i2gb2qs3cjmghbu908jju0bj46', 1354338784, 1209600, 'site|a:1:{s:8:"language";a:4:{s:11:"language_id";s:1:"1";s:4:"name";s:14:"Русский";s:4:"code";s:2:"ru";s:6:"locale";s:11:"ru_RU.UTF-8";}}'),
('kv8u973m4ejrku1diqhoj0km95', 1354338990, 1209600, 'site|a:1:{s:8:"language";a:4:{s:11:"language_id";s:1:"1";s:4:"name";s:14:"Русский";s:4:"code";s:2:"ru";s:6:"locale";s:11:"ru_RU.UTF-8";}}'),
('o41o5ghqpu3000vicuclje9i77', 1353277940, 1209600, 'site|a:1:{s:8:"language";a:4:{s:11:"language_id";s:1:"1";s:4:"name";s:14:"Русский";s:4:"code";s:2:"ru";s:6:"locale";s:11:"ru_RU.UTF-8";}}'),
('ettuancvgi11m33gadvif3hpr2', 1353652217, 1209600, 'site|a:1:{s:8:"language";a:4:{s:11:"language_id";s:1:"1";s:4:"name";s:14:"Русский";s:4:"code";s:2:"ru";s:6:"locale";s:11:"ru_RU.UTF-8";}}'),
('kj72qe78e6bs70cl4ajgkiccq5', 1353278255, 1209600, 'site|a:1:{s:8:"language";a:4:{s:11:"language_id";s:1:"1";s:4:"name";s:14:"Русский";s:4:"code";s:2:"ru";s:6:"locale";s:11:"ru_RU.UTF-8";}}'),
('6g5h60bbljiv9t7onio7fpp6m0', 1353232588, 1209600, 'site|a:1:{s:8:"language";a:4:{s:11:"language_id";s:1:"1";s:4:"name";s:14:"Русский";s:4:"code";s:2:"ru";s:6:"locale";s:11:"ru_RU.UTF-8";}}'),
('afo25mkumrt3cotvghcjkpdig5', 1353277940, 1209600, 'site|a:1:{s:8:"language";a:4:{s:11:"language_id";s:1:"1";s:4:"name";s:14:"Русский";s:4:"code";s:2:"ru";s:6:"locale";s:11:"ru_RU.UTF-8";}}'),
('o0n70r97l6cvg5dc1r4jcd81l6', 1354451734, 1209600, 'site|a:1:{s:8:"language";a:4:{s:11:"language_id";s:1:"1";s:4:"name";s:14:"Русский";s:4:"code";s:2:"ru";s:6:"locale";s:11:"ru_RU.UTF-8";}}'),
('ru40d832liv20gkifmbctvj3h4', 1353918138, 1209600, 'site|a:1:{s:8:"language";a:4:{s:11:"language_id";s:1:"2";s:4:"name";s:7:"English";s:4:"code";s:2:"en";s:6:"locale";s:5:"en_US";}}'),
('fffi5jcvqa9p668q3bhn00fl56', 1353478085, 1209600, 'site|a:1:{s:8:"language";a:4:{s:11:"language_id";s:1:"1";s:4:"name";s:14:"Русский";s:4:"code";s:2:"ru";s:6:"locale";s:11:"ru_RU.UTF-8";}}'),
('81ebt3tbli52b2co1l15dn1j23', 1354339099, 1209600, 'site|a:1:{s:8:"language";a:4:{s:11:"language_id";s:1:"1";s:4:"name";s:14:"Русский";s:4:"code";s:2:"ru";s:6:"locale";s:11:"ru_RU.UTF-8";}}'),
('f6pf2pegmk0nuqtgutgsp59hg2', 1353496165, 1209600, 'site|a:1:{s:8:"language";a:4:{s:11:"language_id";s:1:"1";s:4:"name";s:14:"Русский";s:4:"code";s:2:"ru";s:6:"locale";s:11:"ru_RU.UTF-8";}}'),
('m0aiaacjl1cq0vcllkhk9f9au2', 1354339126, 1209600, 'site|a:1:{s:8:"language";a:4:{s:11:"language_id";s:1:"1";s:4:"name";s:14:"Русский";s:4:"code";s:2:"ru";s:6:"locale";s:11:"ru_RU.UTF-8";}}__ZF|a:1:{s:50:"Zend_Form_Captcha_b1242f3789a4c281f8432fd290c7f168";a:2:{s:4:"ENNH";i:1;s:3:"ENT";i:1354339426;}}Zend_Form_Captcha_b1242f3789a4c281f8432fd290c7f168|a:1:{s:4:"word";s:6:"q56uqu";}'),
('av2f3r1svk001acb8e2dmagsf3', 1354339093, 1209600, 'site|a:1:{s:8:"language";a:4:{s:11:"language_id";s:1:"1";s:4:"name";s:14:"Русский";s:4:"code";s:2:"ru";s:6:"locale";s:11:"ru_RU.UTF-8";}}'),
('u0n19p69vbs75umoj5lqncbq04', 1354338760, 1209600, 'site|a:1:{s:8:"language";a:4:{s:11:"language_id";s:1:"1";s:4:"name";s:14:"Русский";s:4:"code";s:2:"ru";s:6:"locale";s:11:"ru_RU.UTF-8";}}'),
('33a77rs5ou0a14dr5nbdjq1lj3', 1354514870, 1209600, 'site|a:1:{s:8:"language";a:4:{s:11:"language_id";s:1:"1";s:4:"name";s:14:"Русский";s:4:"code";s:2:"ru";s:6:"locale";s:11:"ru_RU.UTF-8";}}'),
('lr7ee3gphc6i5dm9pboego6td6', 1354442737, 1209600, 'site|a:1:{s:8:"language";a:4:{s:11:"language_id";s:1:"3";s:4:"name";s:6:"中文";s:4:"code";s:2:"zh";s:6:"locale";s:5:"zh_CN";}}'),
('j39vmba4dt1rcqa72hffmq3cm6', 1354302177, 1209600, 'site|a:2:{s:8:"language";a:4:{s:11:"language_id";s:1:"1";s:4:"name";s:14:"Русский";s:4:"code";s:2:"ru";s:6:"locale";s:11:"ru_RU.UTF-8";}s:7:"storage";O:8:"stdClass":25:{s:7:"user_id";s:2:"21";s:4:"name";s:5:"anait";s:6:"status";s:1:"1";s:5:"email";s:16:"anait88@inbox.ru";s:5:"image";s:29:"users/0067022001350286551.jpg";s:13:"register_date";s:19:"2012-10-09 18:50:01";s:6:"is_man";s:1:"0";s:5:"block";s:1:"0";s:5:"step1";s:1:"1";s:5:"step2";s:1:"1";s:5:"step3";s:1:"1";s:8:"lastname";s:5:"anait";s:8:"name_eng";s:5:"anait";s:12:"lastname_eng";s:5:"anait";s:9:"telephone";s:9:"123456789";s:5:"skype";s:6:"123456";s:4:"city";s:0:"";s:10:"birth_date";s:10:"1944-02-16";s:6:"height";s:1:"0";s:6:"weight";s:1:"0";s:4:"home";s:1:"1";s:6:"childs";s:1:"0";s:12:"notification";s:1:"0";s:20:"notification_in_days";s:1:"0";s:10:"session_id";s:0:"";}}'),
('di6e7ti1e2k796mcm0g2nck4n3', 1353232008, 1209600, 'site|a:1:{s:8:"language";a:4:{s:11:"language_id";s:1:"1";s:4:"name";s:14:"Русский";s:4:"code";s:2:"ru";s:6:"locale";s:11:"ru_RU.UTF-8";}}'),
('b90l402qid6fnjhkkupkv2hd62', 1354338758, 1209600, 'site|a:1:{s:8:"language";a:4:{s:11:"language_id";s:1:"1";s:4:"name";s:14:"Русский";s:4:"code";s:2:"ru";s:6:"locale";s:11:"ru_RU.UTF-8";}}'),
('lsnabjrlvgtg8c8kvff91pf5h7', 1354444577, 1209600, 'site|a:1:{s:8:"language";a:4:{s:11:"language_id";s:1:"1";s:4:"name";s:14:"Русский";s:4:"code";s:2:"ru";s:6:"locale";s:11:"ru_RU.UTF-8";}}'),
('l33ja5vitt5mebrf4fjmv256d2', 1354444591, 1209600, 'site|a:1:{s:8:"language";a:4:{s:11:"language_id";s:1:"1";s:4:"name";s:14:"Русский";s:4:"code";s:2:"ru";s:6:"locale";s:11:"ru_RU.UTF-8";}}'),
('b278u51epo90rg8orb4reesaa2', 1353496165, 1209600, 'site|a:1:{s:8:"language";a:4:{s:11:"language_id";s:1:"1";s:4:"name";s:14:"Русский";s:4:"code";s:2:"ru";s:6:"locale";s:11:"ru_RU.UTF-8";}}'),
('ql80bg6mrl30ku0ohuhqt18782', 1353656201, 1209600, 'site|a:1:{s:8:"language";a:4:{s:11:"language_id";s:1:"1";s:4:"name";s:14:"Русский";s:4:"code";s:2:"ru";s:6:"locale";s:11:"ru_RU.UTF-8";}}'),
('dbfbf1mmface0se0582rib8q83', 1354514890, 1209600, 'site|a:1:{s:8:"language";a:4:{s:11:"language_id";s:1:"1";s:4:"name";s:14:"Русский";s:4:"code";s:2:"ru";s:6:"locale";s:11:"ru_RU.UTF-8";}}'),
('qlfkks58es9ik8cnctmdpt4vs3', 1354338021, 1209600, 'site|a:1:{s:8:"language";a:4:{s:11:"language_id";s:1:"1";s:4:"name";s:14:"Русский";s:4:"code";s:2:"ru";s:6:"locale";s:11:"ru_RU.UTF-8";}}__ZF|a:1:{s:50:"Zend_Form_Captcha_1ce80d9648e93cf766d1062ab0095580";a:2:{s:4:"ENNH";i:1;s:3:"ENT";i:1354338321;}}Zend_Form_Captcha_1ce80d9648e93cf766d1062ab0095580|a:1:{s:4:"word";s:6:"ni4av8";}'),
('6reo6lg3i8djlh2j6b54br35j7', 1354336959, 1209600, 'site|a:1:{s:8:"language";a:4:{s:11:"language_id";s:1:"1";s:4:"name";s:14:"Русский";s:4:"code";s:2:"ru";s:6:"locale";s:11:"ru_RU.UTF-8";}}'),
('28najh9up4i5hfgrj6bd1fcb12', 1354336960, 1209600, 'site|a:1:{s:8:"language";a:4:{s:11:"language_id";s:1:"1";s:4:"name";s:14:"Русский";s:4:"code";s:2:"ru";s:6:"locale";s:11:"ru_RU.UTF-8";}}'),
('6r8crhbpmjuuk6jo29f9kahqc2', 1354456476, 1209600, 'site|a:1:{s:8:"language";a:4:{s:11:"language_id";s:1:"3";s:4:"name";s:6:"中文";s:4:"code";s:2:"zh";s:6:"locale";s:5:"zh_CN";}}'),
('8al6ojmkcp9sdb4hmejt14d135', 1354070860, 1209600, 'site|a:1:{s:8:"language";a:4:{s:11:"language_id";s:1:"1";s:4:"name";s:14:"Русский";s:4:"code";s:2:"ru";s:6:"locale";s:11:"ru_RU.UTF-8";}}'),
('rs63ct9r4ettoh38rkeevbdsh5', 1353915678, 1209600, 'site|a:1:{s:8:"language";a:4:{s:11:"language_id";s:1:"1";s:4:"name";s:14:"Русский";s:4:"code";s:2:"ru";s:6:"locale";s:11:"ru_RU.UTF-8";}}'),
('52ae6qlhfv3su30lqa1ei156e1', 1353915693, 1209600, 'site|a:1:{s:8:"language";a:4:{s:11:"language_id";s:1:"1";s:4:"name";s:14:"Русский";s:4:"code";s:2:"ru";s:6:"locale";s:11:"ru_RU.UTF-8";}}'),
('voo0tuvhu9q0qcr3brrpuq8qk5', 1354181682, 1209600, 'site|a:1:{s:8:"language";a:4:{s:11:"language_id";s:1:"3";s:4:"name";s:6:"中文";s:4:"code";s:2:"zh";s:6:"locale";s:5:"zh_CN";}}'),
('nv5gtl90m3bf1qubli5o4jbtc7', 1354526514, 1209600, 'site|a:1:{s:8:"language";a:4:{s:11:"language_id";s:1:"1";s:4:"name";s:14:"Русский";s:4:"code";s:2:"ru";s:6:"locale";s:11:"ru_RU.UTF-8";}}'),
('d9qjnhe0t0k64khoe992ar3tc1', 1354527889, 1209600, 'site|a:1:{s:8:"language";a:4:{s:11:"language_id";s:1:"1";s:4:"name";s:14:"Русский";s:4:"code";s:2:"ru";s:6:"locale";s:11:"ru_RU.UTF-8";}}'),
('4mc3la5nepofocfq7fk1463j96', 1354528145, 1209600, 'site|a:1:{s:8:"language";a:4:{s:11:"language_id";s:1:"1";s:4:"name";s:14:"Русский";s:4:"code";s:2:"ru";s:6:"locale";s:11:"ru_RU.UTF-8";}}'),
('gte50ojgi9bj88karf437e76p4', 1353229083, 1209600, 'site|a:2:{s:8:"language";a:4:{s:11:"language_id";s:1:"3";s:4:"name";s:6:"中文";s:4:"code";s:2:"zh";s:6:"locale";s:5:"zh_CN";}s:7:"storage";O:8:"stdClass":24:{s:7:"user_id";s:2:"52";s:4:"name";s:4:"wang";s:6:"status";s:1:"1";s:5:"email";s:26:"hitjuchangbin@yahoo.com.cn";s:5:"image";s:29:"users/0452632001353121553.jpg";s:13:"register_date";s:19:"2012-11-17 06:50:42";s:6:"is_man";s:1:"1";s:5:"block";s:1:"0";s:5:"step1";s:1:"1";s:5:"step2";s:1:"1";s:5:"step3";s:1:"1";s:8:"lastname";s:5:"ceshi";s:8:"name_eng";s:4:"wang";s:12:"lastname_eng";s:5:"ceshi";s:9:"telephone";s:11:"15201056286";s:5:"skype";s:8:"01056286";s:4:"city";N;s:10:"birth_date";s:10:"1982-02-03";s:6:"height";s:3:"178";s:6:"weight";N;s:4:"home";s:1:"1";s:6:"childs";s:1:"0";s:12:"notification";s:1:"0";s:20:"notification_in_days";s:1:"0";}}'),
('ld24sn5k1qidk16nj9n11buue2', 1354548208, 1209600, 'site|a:1:{s:8:"language";a:4:{s:11:"language_id";s:1:"1";s:4:"name";s:14:"Русский";s:4:"code";s:2:"ru";s:6:"locale";s:11:"ru_RU.UTF-8";}}'),
('e6ans2clrpatsqcps03a37rlq0', 1354564831, 1209600, 'site|a:1:{s:8:"language";a:4:{s:11:"language_id";s:1:"1";s:4:"name";s:14:"Русский";s:4:"code";s:2:"ru";s:6:"locale";s:11:"ru_RU.UTF-8";}}'),
('d3tnhd92eg3egm8hhrhdaj5pq0', 1354605266, 1209600, 'site|a:1:{s:8:"language";a:4:{s:11:"language_id";s:1:"1";s:4:"name";s:14:"Русский";s:4:"code";s:2:"ru";s:6:"locale";s:11:"ru_RU.UTF-8";}}'),
('6d6nf2uhntbq33qqqqa1o97db1', 1353648377, 1209600, 'site|a:2:{s:8:"language";a:4:{s:11:"language_id";s:1:"2";s:4:"name";s:7:"English";s:4:"code";s:2:"en";s:6:"locale";s:5:"en_US";}s:7:"storage";O:8:"stdClass":24:{s:7:"user_id";s:2:"52";s:4:"name";s:4:"wang";s:6:"status";s:1:"1";s:5:"email";s:26:"hitjuchangbin@yahoo.com.cn";s:5:"image";s:29:"users/0452632001353121553.jpg";s:13:"register_date";s:19:"2012-11-17 06:50:42";s:6:"is_man";s:1:"1";s:5:"block";s:1:"0";s:5:"step1";s:1:"1";s:5:"step2";s:1:"1";s:5:"step3";s:1:"1";s:8:"lastname";s:5:"ceshi";s:8:"name_eng";s:4:"wang";s:12:"lastname_eng";s:5:"ceshi";s:9:"telephone";s:11:"15201056286";s:5:"skype";s:8:"01056286";s:4:"city";N;s:10:"birth_date";s:10:"1982-02-03";s:6:"height";s:3:"178";s:6:"weight";N;s:4:"home";s:1:"1";s:6:"childs";s:1:"0";s:12:"notification";s:1:"0";s:20:"notification_in_days";s:1:"0";}}'),
('di1libq96802d7mgsjr9o97ae7', 1353217683, 1209600, 'site|a:1:{s:8:"language";a:4:{s:11:"language_id";s:1:"1";s:4:"name";s:14:"Русский";s:4:"code";s:2:"ru";s:6:"locale";s:11:"ru_RU.UTF-8";}}'),
('4iihr2tqok6jovnll27vuinis7', 1353510301, 1209600, 'site|a:1:{s:8:"language";a:4:{s:11:"language_id";s:1:"3";s:4:"name";s:6:"中文";s:4:"code";s:2:"zh";s:6:"locale";s:5:"zh_CN";}}'),
('qu4atnc3cegaagq0to681skeg0', 1353238007, 1209600, 'site|a:1:{s:8:"language";a:4:{s:11:"language_id";s:1:"3";s:4:"name";s:6:"中文";s:4:"code";s:2:"zh";s:6:"locale";s:5:"zh_CN";}}__ZF|a:7:{s:50:"Zend_Form_Captcha_b1a4a8521f3c12b8612e9ccc2f01c738";a:2:{s:4:"ENNH";i:1;s:3:"ENT";i:1353238040;}s:50:"Zend_Form_Captcha_16772b99053a0c1c25a466666ac8d61b";a:2:{s:4:"ENNH";i:1;s:3:"ENT";i:1353238054;}s:50:"Zend_Form_Captcha_f53bedd697ec1fd755f7928b2f3f29fa";a:2:{s:4:"ENNH";i:1;s:3:"ENT";i:1353238128;}s:50:"Zend_Form_Captcha_54fdb8761f628dad12157ffbc5948949";a:2:{s:4:"ENNH";i:1;s:3:"ENT";i:1353238174;}s:50:"Zend_Form_Captcha_af4a3bd9da5d619294a1496852aa0d0a";a:2:{s:4:"ENNH";i:1;s:3:"ENT";i:1353238175;}s:50:"Zend_Form_Captcha_657aa4f0fa0c941be41885e54098b876";a:2:{s:4:"ENNH";i:1;s:3:"ENT";i:1353238191;}s:50:"Zend_Form_Captcha_fde93a8aec5abfc440dfa545c607c80c";a:2:{s:4:"ENNH";i:1;s:3:"ENT";i:1353238303;}}Zend_Form_Captcha_b1a4a8521f3c12b8612e9ccc2f01c738|a:1:{s:4:"word";s:6:"5i4ofi";}Zend_Form_Captcha_16772b99053a0c1c25a466666ac8d61b|a:1:{s:4:"word";s:6:"q7v54a";}Zend_Form_Captcha_f53bedd697ec1fd755f7928b2f3f29fa|a:1:{s:4:"word";s:6:"886i7a";}Zend_Form_Captcha_54fdb8761f628dad12157ffbc5948949|a:1:{s:4:"word";s:6:"39s9g2";}Zend_Form_Captcha_af4a3bd9da5d619294a1496852aa0d0a|a:1:{s:4:"word";s:6:"dic869";}'),
('27dv45sgpn0sob0k0sglmdfsn3', 1354514890, 1209600, 'site|a:1:{s:8:"language";a:4:{s:11:"language_id";s:1:"1";s:4:"name";s:14:"Русский";s:4:"code";s:2:"ru";s:6:"locale";s:11:"ru_RU.UTF-8";}}'),
('4eakikt6plrdvjmjj8p8c91as6', 1354442324, 1209600, 'site|a:1:{s:8:"language";a:4:{s:11:"language_id";s:1:"1";s:4:"name";s:14:"Русский";s:4:"code";s:2:"ru";s:6:"locale";s:11:"ru_RU.UTF-8";}}'),
('3fu7rrffk6ss2isqm8dpjng992', 1354443080, 1209600, 'site|a:1:{s:8:"language";a:4:{s:11:"language_id";s:1:"1";s:4:"name";s:14:"Русский";s:4:"code";s:2:"ru";s:6:"locale";s:11:"ru_RU.UTF-8";}}'),
('mbb0g90abbkppbehn2r0todsf3', 1354441611, 1209600, 'site|a:1:{s:8:"language";a:4:{s:11:"language_id";s:1:"1";s:4:"name";s:14:"Русский";s:4:"code";s:2:"ru";s:6:"locale";s:11:"ru_RU.UTF-8";}}'),
('3d23ggh0loapio78s7rkhjfuv0', 1354441608, 1209600, 'site|a:1:{s:8:"language";a:4:{s:11:"language_id";s:1:"1";s:4:"name";s:14:"Русский";s:4:"code";s:2:"ru";s:6:"locale";s:11:"ru_RU.UTF-8";}}'),
('mb3ai1dt7dsjnpe604714ud2s5', 1354441108, 1209600, 'site|a:1:{s:8:"language";a:4:{s:11:"language_id";s:1:"1";s:4:"name";s:14:"Русский";s:4:"code";s:2:"ru";s:6:"locale";s:11:"ru_RU.UTF-8";}}'),
('mf1ca7cn4mk6bnulpok5se8le2', 1353187334, 1209600, 'site|a:1:{s:8:"language";a:4:{s:11:"language_id";s:1:"1";s:4:"name";s:14:"Русский";s:4:"code";s:2:"ru";s:6:"locale";s:11:"ru_RU.UTF-8";}}'),
('ij17ufg3a0h0c5vk2g6nhgk4n4', 1353189903, 1209600, 'site|a:1:{s:8:"language";a:4:{s:11:"language_id";s:1:"1";s:4:"name";s:14:"Русский";s:4:"code";s:2:"ru";s:6:"locale";s:11:"ru_RU.UTF-8";}}'),
('paav3reahl6fkjv959b5ie6566', 1353192968, 1209600, 'site|a:1:{s:8:"language";a:4:{s:11:"language_id";s:1:"1";s:4:"name";s:14:"Русский";s:4:"code";s:2:"ru";s:6:"locale";s:11:"ru_RU.UTF-8";}}'),
('hfl709at3gc2fshjm25mjjjuc2', 1353201982, 1209600, 'site|a:1:{s:8:"language";a:4:{s:11:"language_id";s:1:"1";s:4:"name";s:14:"Русский";s:4:"code";s:2:"ru";s:6:"locale";s:11:"ru_RU.UTF-8";}}'),
('g6bkdc3bmtb83bt8nkkil25kc7', 1353888845, 1209600, 'site|a:1:{s:8:"language";a:4:{s:11:"language_id";s:1:"1";s:4:"name";s:14:"Русский";s:4:"code";s:2:"ru";s:6:"locale";s:11:"ru_RU.UTF-8";}}'),
('fkrv1ukitsua865rmha6vtv7o4', 1353904511, 1209600, 'site|a:1:{s:8:"language";a:4:{s:11:"language_id";s:1:"1";s:4:"name";s:14:"Русский";s:4:"code";s:2:"ru";s:6:"locale";s:11:"ru_RU.UTF-8";}}'),
('p37bif6e6mlftk46lsg3dch864', 1353478084, 1209600, 'site|a:1:{s:8:"language";a:4:{s:11:"language_id";s:1:"1";s:4:"name";s:14:"Русский";s:4:"code";s:2:"ru";s:6:"locale";s:11:"ru_RU.UTF-8";}}'),
('vptq2l6c81vlsgl2bmescvoue5', 1353478084, 1209600, 'site|a:1:{s:8:"language";a:4:{s:11:"language_id";s:1:"1";s:4:"name";s:14:"Русский";s:4:"code";s:2:"ru";s:6:"locale";s:11:"ru_RU.UTF-8";}}'),
('hjeggm5ham5d770lvjg8mir405', 1353410631, 1209600, 'site|a:1:{s:8:"language";a:4:{s:11:"language_id";s:1:"1";s:4:"name";s:14:"Русский";s:4:"code";s:2:"ru";s:6:"locale";s:11:"ru_RU.UTF-8";}}'),
('jn9r8a46bmnc9cdaa1ik7sdci7', 1353277939, 1209600, 'site|a:1:{s:8:"language";a:4:{s:11:"language_id";s:1:"1";s:4:"name";s:14:"Русский";s:4:"code";s:2:"ru";s:6:"locale";s:11:"ru_RU.UTF-8";}}'),
('i2e23gdrgshlhibgmig0sj52e2', 1353230977, 1209600, 'site|a:1:{s:8:"language";a:4:{s:11:"language_id";s:1:"1";s:4:"name";s:14:"Русский";s:4:"code";s:2:"ru";s:6:"locale";s:11:"ru_RU.UTF-8";}}'),
('po9pt3otoedrpeudikeuic7g51', 1353230986, 1209600, 'site|a:1:{s:8:"language";a:4:{s:11:"language_id";s:1:"1";s:4:"name";s:14:"Русский";s:4:"code";s:2:"ru";s:6:"locale";s:11:"ru_RU.UTF-8";}}'),
('v8f9jnmel5d3uj0sufstvighl1', 1353231114, 1209600, 'site|a:1:{s:8:"language";a:4:{s:11:"language_id";s:1:"1";s:4:"name";s:14:"Русский";s:4:"code";s:2:"ru";s:6:"locale";s:11:"ru_RU.UTF-8";}}'),
('4hm3pur68uat89p9vrb11riiu7', 1353231184, 1209600, 'site|a:1:{s:8:"language";a:4:{s:11:"language_id";s:1:"1";s:4:"name";s:14:"Русский";s:4:"code";s:2:"ru";s:6:"locale";s:11:"ru_RU.UTF-8";}}__ZF|a:1:{s:50:"Zend_Form_Captcha_c9289f51e5f4af96dd6a08e26fa2b961";a:2:{s:4:"ENNH";i:1;s:3:"ENT";i:1353231479;}}Zend_Form_Captcha_c9289f51e5f4af96dd6a08e26fa2b961|a:1:{s:4:"word";s:6:"uaf7n7";}'),
('q77ncb7ups1uskororm2qbqmf1', 1353231402, 1209600, 'site|a:1:{s:8:"language";a:4:{s:11:"language_id";s:1:"1";s:4:"name";s:14:"Русский";s:4:"code";s:2:"ru";s:6:"locale";s:11:"ru_RU.UTF-8";}}'),
('tdmulv099gueis3s6fbnmr5j82', 1353231452, 1209600, 'site|a:1:{s:8:"language";a:4:{s:11:"language_id";s:1:"1";s:4:"name";s:14:"Русский";s:4:"code";s:2:"ru";s:6:"locale";s:11:"ru_RU.UTF-8";}}'),
('s6in9gla6v73gemfghvlot0vi1', 1353231984, 1209600, 'site|a:1:{s:8:"language";a:4:{s:11:"language_id";s:1:"1";s:4:"name";s:14:"Русский";s:4:"code";s:2:"ru";s:6:"locale";s:11:"ru_RU.UTF-8";}}'),
('ibteo1cgkaf019ldvnpfbr8dl3', 1353231833, 1209600, 'site|a:1:{s:8:"language";a:4:{s:11:"language_id";s:1:"1";s:4:"name";s:14:"Русский";s:4:"code";s:2:"ru";s:6:"locale";s:11:"ru_RU.UTF-8";}}'),
('tka5obk7td1kun23t0rm5v89u3', 1353231834, 1209600, 'site|a:1:{s:8:"language";a:4:{s:11:"language_id";s:1:"1";s:4:"name";s:14:"Русский";s:4:"code";s:2:"ru";s:6:"locale";s:11:"ru_RU.UTF-8";}}'),
('aa1vi37ok98dnjb401eu1ls4b4', 1353232777, 1209600, 'site|a:1:{s:8:"language";a:4:{s:11:"language_id";s:1:"1";s:4:"name";s:14:"Русский";s:4:"code";s:2:"ru";s:6:"locale";s:11:"ru_RU.UTF-8";}}'),
('kolj0oih7o3f84ev0885o97p14', 1353232851, 1209600, 'site|a:1:{s:8:"language";a:4:{s:11:"language_id";s:1:"1";s:4:"name";s:14:"Русский";s:4:"code";s:2:"ru";s:6:"locale";s:11:"ru_RU.UTF-8";}}'),
('rn29oi2b54u7rj2en9tjn2u035', 1353232909, 1209600, 'site|a:1:{s:8:"language";a:4:{s:11:"language_id";s:1:"1";s:4:"name";s:14:"Русский";s:4:"code";s:2:"ru";s:6:"locale";s:11:"ru_RU.UTF-8";}}'),
('ttjn00vg0flo41pnhbrrodb831', 1353233035, 1209600, 'site|a:1:{s:8:"language";a:4:{s:11:"language_id";s:1:"1";s:4:"name";s:14:"Русский";s:4:"code";s:2:"ru";s:6:"locale";s:11:"ru_RU.UTF-8";}}__ZF|a:1:{s:50:"Zend_Form_Captcha_03a602c819a2d0e06ce3425f1e71c254";a:2:{s:4:"ENNH";i:1;s:3:"ENT";i:1353233335;}}Zend_Form_Captcha_03a602c819a2d0e06ce3425f1e71c254|a:1:{s:4:"word";s:6:"uev4my";}'),
('8lru3oj6r6np9k9eh7sgtgt5c3', 1353232999, 1209600, 'site|a:1:{s:8:"language";a:4:{s:11:"language_id";s:1:"1";s:4:"name";s:14:"Русский";s:4:"code";s:2:"ru";s:6:"locale";s:11:"ru_RU.UTF-8";}}'),
('v0g8mdj9et6m6h8e1jb4548264', 1353233000, 1209600, 'site|a:1:{s:8:"language";a:4:{s:11:"language_id";s:1:"1";s:4:"name";s:14:"Русский";s:4:"code";s:2:"ru";s:6:"locale";s:11:"ru_RU.UTF-8";}}'),
('tm1q98ok4qe3g0mu3k3330n5c2', 1353233744, 1209600, 'site|a:1:{s:8:"language";a:4:{s:11:"language_id";s:1:"1";s:4:"name";s:14:"Русский";s:4:"code";s:2:"ru";s:6:"locale";s:11:"ru_RU.UTF-8";}}'),
('inidqhgfifn511rn5hiu2mid36', 1353233938, 1209600, 'site|a:1:{s:8:"language";a:4:{s:11:"language_id";s:1:"1";s:4:"name";s:14:"Русский";s:4:"code";s:2:"ru";s:6:"locale";s:11:"ru_RU.UTF-8";}}'),
('khtuk927hi9kn0tge0shi27ii0', 1353233984, 1209600, 'site|a:1:{s:8:"language";a:4:{s:11:"language_id";s:1:"1";s:4:"name";s:14:"Русский";s:4:"code";s:2:"ru";s:6:"locale";s:11:"ru_RU.UTF-8";}}'),
('gt5abr6p75jo8ve4q0gmclt3u3', 1353313234, 1209600, 'site|a:1:{s:8:"language";a:4:{s:11:"language_id";s:1:"3";s:4:"name";s:6:"中文";s:4:"code";s:2:"zh";s:6:"locale";s:5:"zh_CN";}}'),
('rleou3qp7acjts09v9rhqb8pa0', 1353234328, 1209600, 'site|a:1:{s:8:"language";a:4:{s:11:"language_id";s:1:"1";s:4:"name";s:14:"Русский";s:4:"code";s:2:"ru";s:6:"locale";s:11:"ru_RU.UTF-8";}}'),
('n77vbcefsg6g1aprn46g5htk91', 1353234810, 1209600, 'site|a:1:{s:8:"language";a:4:{s:11:"language_id";s:1:"1";s:4:"name";s:14:"Русский";s:4:"code";s:2:"ru";s:6:"locale";s:11:"ru_RU.UTF-8";}}'),
('9rhchstpu1nmikd4pb61ep67p5', 1353234836, 1209600, 'site|a:1:{s:8:"language";a:4:{s:11:"language_id";s:1:"1";s:4:"name";s:14:"Русский";s:4:"code";s:2:"ru";s:6:"locale";s:11:"ru_RU.UTF-8";}}__ZF|a:1:{s:50:"Zend_Form_Captcha_b805007ff9987c46102db76bf1af33c4";a:2:{s:4:"ENNH";i:1;s:3:"ENT";i:1353235136;}}Zend_Form_Captcha_b805007ff9987c46102db76bf1af33c4|a:1:{s:4:"word";s:6:"fu287y";}'),
('r3l1dd4jc07r0topnu2aq2dr97', 1353235581, 1209600, 'site|a:1:{s:8:"language";a:4:{s:11:"language_id";s:1:"1";s:4:"name";s:14:"Русский";s:4:"code";s:2:"ru";s:6:"locale";s:11:"ru_RU.UTF-8";}}'),
('oueeonbo9udc66ccdsnn8pl4t1', 1353235665, 1209600, 'site|a:1:{s:8:"language";a:4:{s:11:"language_id";s:1:"1";s:4:"name";s:14:"Русский";s:4:"code";s:2:"ru";s:6:"locale";s:11:"ru_RU.UTF-8";}}'),
('rbun086jkcvovggub0g9v9qoi4', 1353237834, 1209600, 'site|a:1:{s:8:"language";a:4:{s:11:"language_id";s:1:"1";s:4:"name";s:14:"Русский";s:4:"code";s:2:"ru";s:6:"locale";s:11:"ru_RU.UTF-8";}}__ZF|a:1:{s:50:"Zend_Form_Captcha_42a2087a4ed9e462197aacf9dffa9345";a:2:{s:4:"ENNH";i:1;s:3:"ENT";i:1353238134;}}Zend_Form_Captcha_42a2087a4ed9e462197aacf9dffa9345|a:1:{s:4:"word";s:6:"j5hecu";}'),
('kebhijga779bic1ncu11c08pi2', 1353237914, 1209600, 'site|a:1:{s:8:"language";a:4:{s:11:"language_id";s:1:"1";s:4:"name";s:14:"Русский";s:4:"code";s:2:"ru";s:6:"locale";s:11:"ru_RU.UTF-8";}}'),
('0qdnic7q7n585pmk0r8158p7l2', 1353237950, 1209600, 'site|a:1:{s:8:"language";a:4:{s:11:"language_id";s:1:"1";s:4:"name";s:14:"Русский";s:4:"code";s:2:"ru";s:6:"locale";s:11:"ru_RU.UTF-8";}}'),
('790vop1im1armtc2a5k262kdm7', 1353240646, 1209600, 'site|a:2:{s:8:"language";a:4:{s:11:"language_id";s:1:"3";s:4:"name";s:6:"中文";s:4:"code";s:2:"zh";s:6:"locale";s:5:"zh_CN";}s:7:"storage";O:8:"stdClass":29:{s:7:"user_id";s:2:"54";s:4:"name";s:4:"ming";s:6:"status";s:1:"1";s:5:"email";s:16:"371375290@qq.com";s:5:"image";s:0:"";s:13:"register_date";s:19:"2012-11-18 15:26:43";s:6:"is_man";s:1:"1";s:5:"block";s:1:"0";s:5:"step1";s:1:"1";s:5:"step2";s:1:"1";s:5:"step3";s:1:"1";s:8:"lastname";s:4:"ming";s:8:"name_eng";s:4:"ming";s:12:"lastname_eng";s:4:"ming";s:9:"telephone";s:5:"11111";s:5:"skype";s:6:"111111";s:4:"city";N;s:10:"birth_date";s:10:"1977-12-12";s:6:"height";s:0:"";s:6:"weight";N;s:4:"home";s:1:"1";s:6:"childs";s:1:"0";s:12:"notification";s:1:"0";s:20:"notification_in_days";s:1:"0";s:8:"fullname";s:9:"ming ming";s:12:"fullname_eng";s:9:"ming ming";s:3:"age";i:34;s:6:"region";N;s:11:"partner_age";N;}}'),
('l7apci22tnmmpammefhr4bs6n6', 1353238096, 1209600, 'site|a:1:{s:8:"language";a:4:{s:11:"language_id";s:1:"1";s:4:"name";s:14:"Русский";s:4:"code";s:2:"ru";s:6:"locale";s:11:"ru_RU.UTF-8";}}'),
('ejiv4rjmv2rf7ut6moch9m2em0', 1353238239, 1209600, 'site|a:1:{s:8:"language";a:4:{s:11:"language_id";s:1:"1";s:4:"name";s:14:"Русский";s:4:"code";s:2:"ru";s:6:"locale";s:11:"ru_RU.UTF-8";}}'),
('se3c7id0fvn4g8j4acjh8aigj4', 1353238240, 1209600, 'site|a:1:{s:8:"language";a:4:{s:11:"language_id";s:1:"1";s:4:"name";s:14:"Русский";s:4:"code";s:2:"ru";s:6:"locale";s:11:"ru_RU.UTF-8";}}'),
('3i0dribvu3df6s4cmpq38sidj1', 1353238241, 1209600, 'site|a:1:{s:8:"language";a:4:{s:11:"language_id";s:1:"1";s:4:"name";s:14:"Русский";s:4:"code";s:2:"ru";s:6:"locale";s:11:"ru_RU.UTF-8";}}'),
('cpjgndpfu4o2pdbs1rfabsq1p7', 1353239819, 1209600, 'site|a:1:{s:8:"language";a:4:{s:11:"language_id";s:1:"1";s:4:"name";s:14:"Русский";s:4:"code";s:2:"ru";s:6:"locale";s:11:"ru_RU.UTF-8";}}'),
('23472a1v63idb38gdob63et292', 1353239822, 1209600, 'site|a:1:{s:8:"language";a:4:{s:11:"language_id";s:1:"1";s:4:"name";s:14:"Русский";s:4:"code";s:2:"ru";s:6:"locale";s:11:"ru_RU.UTF-8";}}'),
('uldl21tujlmb6t30emae5cejk5', 1353240713, 1209600, 'site|a:1:{s:8:"language";a:4:{s:11:"language_id";s:1:"1";s:4:"name";s:14:"Русский";s:4:"code";s:2:"ru";s:6:"locale";s:11:"ru_RU.UTF-8";}}'),
('q6bcn67i19f1u5vrn91q9in3q4', 1353240813, 1209600, 'site|a:1:{s:8:"language";a:4:{s:11:"language_id";s:1:"2";s:4:"name";s:7:"English";s:4:"code";s:2:"en";s:6:"locale";s:5:"en_US";}}'),
('ae8nh6mcqk9sibceoth8kl8281', 1353240900, 1209600, 'site|a:1:{s:8:"language";a:4:{s:11:"language_id";s:1:"1";s:4:"name";s:14:"Русский";s:4:"code";s:2:"ru";s:6:"locale";s:11:"ru_RU.UTF-8";}}'),
('od5bt253snvb9papunlrku0402', 1353240929, 1209600, 'site|a:1:{s:8:"language";a:4:{s:11:"language_id";s:1:"1";s:4:"name";s:14:"Русский";s:4:"code";s:2:"ru";s:6:"locale";s:11:"ru_RU.UTF-8";}}'),
('vbn7pda8q713hddt63u4uvmad0', 1353241344, 1209600, 'site|a:1:{s:8:"language";a:4:{s:11:"language_id";s:1:"1";s:4:"name";s:14:"Русский";s:4:"code";s:2:"ru";s:6:"locale";s:11:"ru_RU.UTF-8";}}'),
('luhl9hbti95chi9k12mcajvvf6', 1353242855, 1209600, 'site|a:1:{s:8:"language";a:4:{s:11:"language_id";s:1:"1";s:4:"name";s:14:"Русский";s:4:"code";s:2:"ru";s:6:"locale";s:11:"ru_RU.UTF-8";}}'),
('cotc5qr955rbpdm0rmvl3ut3p6', 1353243558, 1209600, 'site|a:1:{s:8:"language";a:4:{s:11:"language_id";s:1:"1";s:4:"name";s:14:"Русский";s:4:"code";s:2:"ru";s:6:"locale";s:11:"ru_RU.UTF-8";}}'),
('ds3ekffd6ocn1jef409cbgqp07', 1353243656, 1209600, 'site|a:1:{s:8:"language";a:4:{s:11:"language_id";s:1:"1";s:4:"name";s:14:"Русский";s:4:"code";s:2:"ru";s:6:"locale";s:11:"ru_RU.UTF-8";}}'),
('uvmk066kchnt1hi4na50v958j4', 1353243701, 1209600, 'site|a:1:{s:8:"language";a:4:{s:11:"language_id";s:1:"1";s:4:"name";s:14:"Русский";s:4:"code";s:2:"ru";s:6:"locale";s:11:"ru_RU.UTF-8";}}'),
('ufe4ot4q4efn4s43kg8it8hsj7', 1353243773, 1209600, 'site|a:1:{s:8:"language";a:4:{s:11:"language_id";s:1:"1";s:4:"name";s:14:"Русский";s:4:"code";s:2:"ru";s:6:"locale";s:11:"ru_RU.UTF-8";}}'),
('242t9f4dsdm399mqoutrpem0f4', 1353244583, 1209600, 'site|a:1:{s:8:"language";a:4:{s:11:"language_id";s:1:"3";s:4:"name";s:6:"中文";s:4:"code";s:2:"zh";s:6:"locale";s:5:"zh_CN";}}'),
('l6msgvs457ua2svbn4t1m9qom4', 1353244944, 1209600, 'site|a:1:{s:8:"language";a:4:{s:11:"language_id";s:1:"1";s:4:"name";s:14:"Русский";s:4:"code";s:2:"ru";s:6:"locale";s:11:"ru_RU.UTF-8";}}'),
('gduq75hc0rusmo67ut8tp7v7n7', 1353245223, 1209600, 'site|a:1:{s:8:"language";a:4:{s:11:"language_id";s:1:"1";s:4:"name";s:14:"Русский";s:4:"code";s:2:"ru";s:6:"locale";s:11:"ru_RU.UTF-8";}}__ZF|a:1:{s:50:"Zend_Form_Captcha_121338f368d5b7b0cae2bfd52ebacc57";a:2:{s:4:"ENNH";i:1;s:3:"ENT";i:1353245523;}}Zend_Form_Captcha_121338f368d5b7b0cae2bfd52ebacc57|a:1:{s:4:"word";s:6:"k8g3w3";}'),
('ntg65qbkp2f81oh2ni0i99sg46', 1353245098, 1209600, 'site|a:1:{s:8:"language";a:4:{s:11:"language_id";s:1:"1";s:4:"name";s:14:"Русский";s:4:"code";s:2:"ru";s:6:"locale";s:11:"ru_RU.UTF-8";}}'),
('s2odnnnj99nqre41ucvbhkqim2', 1353245528, 1209600, 'site|a:1:{s:8:"language";a:4:{s:11:"language_id";s:1:"3";s:4:"name";s:6:"中文";s:4:"code";s:2:"zh";s:6:"locale";s:5:"zh_CN";}}'),
('4ct033bc7480uk3q9u9giau4n7', 1353247172, 1209600, 'site|a:1:{s:8:"language";a:4:{s:11:"language_id";s:1:"1";s:4:"name";s:14:"Русский";s:4:"code";s:2:"ru";s:6:"locale";s:11:"ru_RU.UTF-8";}}'),
('4cmjdraq7ld1vrosgsnks1lih2', 1353247168, 1209600, 'site|a:1:{s:8:"language";a:4:{s:11:"language_id";s:1:"1";s:4:"name";s:14:"Русский";s:4:"code";s:2:"ru";s:6:"locale";s:11:"ru_RU.UTF-8";}}'),
('7he54buhs1knt1nhft2r4hqvk4', 1353246218, 1209600, 'site|a:1:{s:8:"language";a:4:{s:11:"language_id";s:1:"1";s:4:"name";s:14:"Русский";s:4:"code";s:2:"ru";s:6:"locale";s:11:"ru_RU.UTF-8";}}__ZF|a:2:{s:50:"Zend_Form_Captcha_bac7cedc1803fac386107ddab3a4eb1f";a:2:{s:4:"ENNH";i:1;s:3:"ENT";i:1353246515;}s:50:"Zend_Form_Captcha_146054c37758570496932dffaa0c3515";a:2:{s:4:"ENNH";i:1;s:3:"ENT";i:1353246518;}}Zend_Form_Captcha_bac7cedc1803fac386107ddab3a4eb1f|a:1:{s:4:"word";s:6:"6oc9hi";}Zend_Form_Captcha_146054c37758570496932dffaa0c3515|a:1:{s:4:"word";s:6:"832uco";}'),
('33g2sm7ua8jm5ue0v0l8hbl3g6', 1353246725, 1209600, 'site|a:1:{s:8:"language";a:4:{s:11:"language_id";s:1:"1";s:4:"name";s:14:"Русский";s:4:"code";s:2:"ru";s:6:"locale";s:11:"ru_RU.UTF-8";}}'),
('v74il9njq2osdoadhuf0ns2635', 1353246900, 1209600, 'site|a:1:{s:8:"language";a:4:{s:11:"language_id";s:1:"1";s:4:"name";s:14:"Русский";s:4:"code";s:2:"ru";s:6:"locale";s:11:"ru_RU.UTF-8";}}'),
('o5vev0rmaicrv1kl65gf840bn0', 1353246900, 1209600, 'site|a:1:{s:8:"language";a:4:{s:11:"language_id";s:1:"1";s:4:"name";s:14:"Русский";s:4:"code";s:2:"ru";s:6:"locale";s:11:"ru_RU.UTF-8";}}'),
('relmpfuic6iu7qtj7ut6106944', 1353247678, 1209600, 'site|a:1:{s:8:"language";a:4:{s:11:"language_id";s:1:"3";s:4:"name";s:6:"中文";s:4:"code";s:2:"zh";s:6:"locale";s:5:"zh_CN";}}'),
('pdhkat4qt0crtqo6fdhrgi1j11', 1353248267, 1209600, 'site|a:1:{s:8:"language";a:4:{s:11:"language_id";s:1:"1";s:4:"name";s:14:"Русский";s:4:"code";s:2:"ru";s:6:"locale";s:11:"ru_RU.UTF-8";}}'),
('am18v88pilmrbiahvel1pva2o6', 1353311512, 1209600, 'site|a:1:{s:8:"language";a:4:{s:11:"language_id";s:1:"1";s:4:"name";s:14:"Русский";s:4:"code";s:2:"ru";s:6:"locale";s:11:"ru_RU.UTF-8";}}__ZF|a:2:{s:50:"Zend_Form_Captcha_664cd4c64dc2e00ecad79ef1f2801f3f";a:2:{s:4:"ENNH";i:1;s:3:"ENT";i:1353311641;}s:50:"Zend_Form_Captcha_6576cdfe12fe343fa67b1a140eb315a4";a:2:{s:4:"ENNH";i:1;s:3:"ENT";i:1353311764;}}Zend_Form_Captcha_664cd4c64dc2e00ecad79ef1f2801f3f|a:1:{s:4:"word";s:6:"d3s4si";}'),
('mqtn8vq68f6dslasvje2q76sq1', 1353254210, 1209600, 'site|a:1:{s:8:"language";a:4:{s:11:"language_id";s:1:"1";s:4:"name";s:14:"Русский";s:4:"code";s:2:"ru";s:6:"locale";s:11:"ru_RU.UTF-8";}}'),
('v8gvki2clu6pu2f5u2klaucl33', 1353254800, 1209600, 'site|a:1:{s:8:"language";a:4:{s:11:"language_id";s:1:"1";s:4:"name";s:14:"Русский";s:4:"code";s:2:"ru";s:6:"locale";s:11:"ru_RU.UTF-8";}}'),
('ef0d0g509ok0tto356gukc0o75', 1353681340, 1209600, 'site|a:1:{s:8:"language";a:4:{s:11:"language_id";s:1:"1";s:4:"name";s:14:"Русский";s:4:"code";s:2:"ru";s:6:"locale";s:11:"ru_RU.UTF-8";}}'),
('292slj7fir0cm4esj2modt3vb5', 1353261337, 1209600, 'site|a:1:{s:8:"language";a:4:{s:11:"language_id";s:1:"1";s:4:"name";s:14:"Русский";s:4:"code";s:2:"ru";s:6:"locale";s:11:"ru_RU.UTF-8";}}'),
('8rb2hd84aou8go5c1hnqte8a62', 1353263830, 1209600, 'site|a:1:{s:8:"language";a:4:{s:11:"language_id";s:1:"1";s:4:"name";s:14:"Русский";s:4:"code";s:2:"ru";s:6:"locale";s:11:"ru_RU.UTF-8";}}'),
('4b7p3n7fbo3d06bbmc6ejtv4o7', 1353267077, 1209600, 'site|a:1:{s:8:"language";a:4:{s:11:"language_id";s:1:"1";s:4:"name";s:14:"Русский";s:4:"code";s:2:"ru";s:6:"locale";s:11:"ru_RU.UTF-8";}}'),
('g30igl1iathvrto741k0no7426', 1354567295, 1209600, 'site|a:1:{s:8:"language";a:4:{s:11:"language_id";s:1:"1";s:4:"name";s:14:"Русский";s:4:"code";s:2:"ru";s:6:"locale";s:11:"ru_RU.UTF-8";}}'),
('jfelomtab7lbb0sn2lml9m7nd1', 1354444834, 1209600, 'site|a:1:{s:8:"language";a:4:{s:11:"language_id";s:1:"1";s:4:"name";s:14:"Русский";s:4:"code";s:2:"ru";s:6:"locale";s:11:"ru_RU.UTF-8";}}'),
('jp570fq453pbs2c7bkf87hu5c3', 1354451734, 1209600, 'site|a:1:{s:8:"language";a:4:{s:11:"language_id";s:1:"1";s:4:"name";s:14:"Русский";s:4:"code";s:2:"ru";s:6:"locale";s:11:"ru_RU.UTF-8";}}'),
('4gima7bkibs2u0dt7hhqhbbep1', 1353278256, 1209600, 'site|a:1:{s:8:"language";a:4:{s:11:"language_id";s:1:"1";s:4:"name";s:14:"Русский";s:4:"code";s:2:"ru";s:6:"locale";s:11:"ru_RU.UTF-8";}}'),
('6olgc0f2veoue668cbp0l9v5u6', 1353278257, 1209600, 'site|a:1:{s:8:"language";a:4:{s:11:"language_id";s:1:"1";s:4:"name";s:14:"Русский";s:4:"code";s:2:"ru";s:6:"locale";s:11:"ru_RU.UTF-8";}}'),
('2qidpcmb9ob3t56r7vb6c4ra46', 1353278365, 1209600, 'site|a:1:{s:8:"language";a:4:{s:11:"language_id";s:1:"1";s:4:"name";s:14:"Русский";s:4:"code";s:2:"ru";s:6:"locale";s:11:"ru_RU.UTF-8";}}'),
('8djn4tmutbs3v52439bcq12932', 1353278365, 1209600, 'site|a:1:{s:8:"language";a:4:{s:11:"language_id";s:1:"1";s:4:"name";s:14:"Русский";s:4:"code";s:2:"ru";s:6:"locale";s:11:"ru_RU.UTF-8";}}'),
('dnob0357hhp1keef84i1glkeg4', 1353278463, 1209600, 'site|a:1:{s:8:"language";a:4:{s:11:"language_id";s:1:"1";s:4:"name";s:14:"Русский";s:4:"code";s:2:"ru";s:6:"locale";s:11:"ru_RU.UTF-8";}}'),
('37amuslm9ndreaa4b48dtbpmq1', 1353278570, 1209600, 'site|a:1:{s:8:"language";a:4:{s:11:"language_id";s:1:"1";s:4:"name";s:14:"Русский";s:4:"code";s:2:"ru";s:6:"locale";s:11:"ru_RU.UTF-8";}}'),
('u5jhe68rl7le7329d8cemm78e0', 1353278688, 1209600, 'site|a:1:{s:8:"language";a:4:{s:11:"language_id";s:1:"1";s:4:"name";s:14:"Русский";s:4:"code";s:2:"ru";s:6:"locale";s:11:"ru_RU.UTF-8";}}'),
('mvnj3u28qvparsd8msbnj2e1h1', 1353278873, 1209600, 'site|a:1:{s:8:"language";a:4:{s:11:"language_id";s:1:"1";s:4:"name";s:14:"Русский";s:4:"code";s:2:"ru";s:6:"locale";s:11:"ru_RU.UTF-8";}}'),
('qhp58pvn7qojio7d22ao7438k4', 1353282881, 1209600, 'site|a:1:{s:8:"language";a:4:{s:11:"language_id";s:1:"1";s:4:"name";s:14:"Русский";s:4:"code";s:2:"ru";s:6:"locale";s:11:"ru_RU.UTF-8";}}'),
('i6lrj9gc3vh997is5aaetemad5', 1353284125, 1209600, 'site|a:1:{s:8:"language";a:4:{s:11:"language_id";s:1:"1";s:4:"name";s:14:"Русский";s:4:"code";s:2:"ru";s:6:"locale";s:11:"ru_RU.UTF-8";}}'),
('v8la82jo9qqa5hs3ql8428d7a0', 1353287010, 1209600, 'site|a:1:{s:8:"language";a:4:{s:11:"language_id";s:1:"1";s:4:"name";s:14:"Русский";s:4:"code";s:2:"ru";s:6:"locale";s:11:"ru_RU.UTF-8";}}'),
('ipkpfd87vnt6drrcunchgv9450', 1353287042, 1209600, 'site|a:1:{s:8:"language";a:4:{s:11:"language_id";s:1:"1";s:4:"name";s:14:"Русский";s:4:"code";s:2:"ru";s:6:"locale";s:11:"ru_RU.UTF-8";}}__ZF|a:1:{s:50:"Zend_Form_Captcha_02f96e7c9cdc16f9253534c6154ccb43";a:2:{s:4:"ENNH";i:1;s:3:"ENT";i:1353287342;}}Zend_Form_Captcha_02f96e7c9cdc16f9253534c6154ccb43|a:1:{s:4:"word";s:6:"ninu33";}'),
('snpjejn73ni0abin1la7dh1j35', 1353287749, 1209600, 'site|a:1:{s:8:"language";a:4:{s:11:"language_id";s:1:"1";s:4:"name";s:14:"Русский";s:4:"code";s:2:"ru";s:6:"locale";s:11:"ru_RU.UTF-8";}}'),
('9382hkff5mmkbs8l049lo8lel5', 1353288173, 1209600, 'site|a:1:{s:8:"language";a:4:{s:11:"language_id";s:1:"1";s:4:"name";s:14:"Русский";s:4:"code";s:2:"ru";s:6:"locale";s:11:"ru_RU.UTF-8";}}__ZF|a:1:{s:50:"Zend_Form_Captcha_0bce2c04886ea4d2871cf2863aa6b84d";a:2:{s:4:"ENNH";i:1;s:3:"ENT";i:1353288452;}}Zend_Form_Captcha_0bce2c04886ea4d2871cf2863aa6b84d|a:1:{s:4:"word";s:6:"f88isy";}'),
('sc96o1836h0liesskdqfqsi336', 1353288325, 1209600, 'site|a:1:{s:8:"language";a:4:{s:11:"language_id";s:1:"1";s:4:"name";s:14:"Русский";s:4:"code";s:2:"ru";s:6:"locale";s:11:"ru_RU.UTF-8";}}'),
('v81f6jd9ff8dpr9helt738au94', 1353288778, 1209600, 'site|a:1:{s:8:"language";a:4:{s:11:"language_id";s:1:"1";s:4:"name";s:14:"Русский";s:4:"code";s:2:"ru";s:6:"locale";s:11:"ru_RU.UTF-8";}}'),
('hqd6i7n0afv4996bohpkc9iju0', 1353288990, 1209600, 'site|a:1:{s:8:"language";a:4:{s:11:"language_id";s:1:"1";s:4:"name";s:14:"Русский";s:4:"code";s:2:"ru";s:6:"locale";s:11:"ru_RU.UTF-8";}}'),
('4etq18rae7mbqk0uked20u2311', 1353288779, 1209600, 'site|a:1:{s:8:"language";a:4:{s:11:"language_id";s:1:"1";s:4:"name";s:14:"Русский";s:4:"code";s:2:"ru";s:6:"locale";s:11:"ru_RU.UTF-8";}}'),
('l65mto3qoob6667hd1mt876lr1', 1353289690, 1209600, 'site|a:1:{s:8:"language";a:4:{s:11:"language_id";s:1:"1";s:4:"name";s:14:"Русский";s:4:"code";s:2:"ru";s:6:"locale";s:11:"ru_RU.UTF-8";}}'),
('s0r967q3rrb7l2eot2kk184e27', 1353289854, 1209600, 'site|a:1:{s:8:"language";a:4:{s:11:"language_id";s:1:"1";s:4:"name";s:14:"Русский";s:4:"code";s:2:"ru";s:6:"locale";s:11:"ru_RU.UTF-8";}}'),
('cei0hsje2puu4gckhvr64qep01', 1353289742, 1209600, 'site|a:1:{s:8:"language";a:4:{s:11:"language_id";s:1:"1";s:4:"name";s:14:"Русский";s:4:"code";s:2:"ru";s:6:"locale";s:11:"ru_RU.UTF-8";}}'),
('vmg1joglegjj5b28uk1t8cr0j1', 1353289743, 1209600, 'site|a:1:{s:8:"language";a:4:{s:11:"language_id";s:1:"1";s:4:"name";s:14:"Русский";s:4:"code";s:2:"ru";s:6:"locale";s:11:"ru_RU.UTF-8";}}'),
('ded1h8d7vsh5ufn0lvldacu3o1', 1353290025, 1209600, 'site|a:1:{s:8:"language";a:4:{s:11:"language_id";s:1:"1";s:4:"name";s:14:"Русский";s:4:"code";s:2:"ru";s:6:"locale";s:11:"ru_RU.UTF-8";}}'),
('bk61mn9f85s1phu6l5nbdmes60', 1353290298, 1209600, 'site|a:1:{s:8:"language";a:4:{s:11:"language_id";s:1:"1";s:4:"name";s:14:"Русский";s:4:"code";s:2:"ru";s:6:"locale";s:11:"ru_RU.UTF-8";}}'),
('cocc16oe1dfr9milpdscs7hgh0', 1353291056, 1209600, 'site|a:1:{s:8:"language";a:4:{s:11:"language_id";s:1:"1";s:4:"name";s:14:"Русский";s:4:"code";s:2:"ru";s:6:"locale";s:11:"ru_RU.UTF-8";}}'),
('vj1iftm5q06nmsseh3bp5sv050', 1353291315, 1209600, 'site|a:1:{s:8:"language";a:4:{s:11:"language_id";s:1:"1";s:4:"name";s:14:"Русский";s:4:"code";s:2:"ru";s:6:"locale";s:11:"ru_RU.UTF-8";}}'),
('a78nc7gshtj69b12scio424dc0', 1353291355, 1209600, 'site|a:1:{s:8:"language";a:4:{s:11:"language_id";s:1:"1";s:4:"name";s:14:"Русский";s:4:"code";s:2:"ru";s:6:"locale";s:11:"ru_RU.UTF-8";}}'),
('5mgr4sm0342129opf8i698ic06', 1353291565, 1209600, 'site|a:1:{s:8:"language";a:4:{s:11:"language_id";s:1:"1";s:4:"name";s:14:"Русский";s:4:"code";s:2:"ru";s:6:"locale";s:11:"ru_RU.UTF-8";}}'),
('rcjnpfma5jflufiaot6ek4sii6', 1353291555, 1209600, 'site|a:1:{s:8:"language";a:4:{s:11:"language_id";s:1:"1";s:4:"name";s:14:"Русский";s:4:"code";s:2:"ru";s:6:"locale";s:11:"ru_RU.UTF-8";}}'),
('lifta4j3cimb7q63hm10uicut6', 1353291792, 1209600, 'site|a:1:{s:8:"language";a:4:{s:11:"language_id";s:1:"1";s:4:"name";s:14:"Русский";s:4:"code";s:2:"ru";s:6:"locale";s:11:"ru_RU.UTF-8";}}'),
('r9cn1d3ehclddm851hko2kla97', 1353292369, 1209600, 'site|a:1:{s:8:"language";a:4:{s:11:"language_id";s:1:"1";s:4:"name";s:14:"Русский";s:4:"code";s:2:"ru";s:6:"locale";s:11:"ru_RU.UTF-8";}}__ZF|a:1:{s:50:"Zend_Form_Captcha_39e74114ae14e29a5f405b367869e97f";a:2:{s:4:"ENNH";i:1;s:3:"ENT";i:1353292430;}}'),
('tvj5aeks4d4hpn8dtsk612in14', 1353387113, 1209600, 'site|a:2:{s:8:"language";a:4:{s:11:"language_id";s:1:"1";s:4:"name";s:14:"Русский";s:4:"code";s:2:"ru";s:6:"locale";s:11:"ru_RU.UTF-8";}s:7:"storage";O:8:"stdClass":29:{s:7:"user_id";s:2:"55";s:4:"name";s:0:"";s:6:"status";s:1:"1";s:5:"email";s:16:"fmrfirst@163.com";s:5:"image";N;s:13:"register_date";s:19:"2012-11-19 06:28:50";s:6:"is_man";s:1:"1";s:5:"block";s:1:"0";s:5:"step1";s:1:"0";s:5:"step2";s:1:"0";s:5:"step3";s:1:"0";s:8:"lastname";s:0:"";s:8:"name_eng";s:0:"";s:12:"lastname_eng";s:0:"";s:9:"telephone";s:0:"";s:5:"skype";s:0:"";s:4:"city";N;s:10:"birth_date";s:10:"0000-00-00";s:6:"height";s:0:"";s:6:"weight";N;s:4:"home";s:1:"1";s:6:"childs";s:1:"0";s:12:"notification";s:1:"0";s:20:"notification_in_days";s:1:"0";s:8:"fullname";s:1:" ";s:12:"fullname_eng";s:1:" ";s:3:"age";b:0;s:6:"region";N;s:11:"partner_age";N;}}'),
('spmi9ukgprv0lqaehkgnp5v966', 1353292105, 1209600, 'site|a:1:{s:8:"language";a:4:{s:11:"language_id";s:1:"1";s:4:"name";s:14:"Русский";s:4:"code";s:2:"ru";s:6:"locale";s:11:"ru_RU.UTF-8";}}'),
('62b4sklits6o2dki9qpfp6kn86', 1353292220, 1209600, 'site|a:1:{s:8:"language";a:4:{s:11:"language_id";s:1:"1";s:4:"name";s:14:"Русский";s:4:"code";s:2:"ru";s:6:"locale";s:11:"ru_RU.UTF-8";}}__ZF|a:1:{s:50:"Zend_Form_Captcha_4c895977d0641e10a0a64c8c7f1ff338";a:2:{s:4:"ENNH";i:1;s:3:"ENT";i:1353292518;}}Zend_Form_Captcha_4c895977d0641e10a0a64c8c7f1ff338|a:1:{s:4:"word";s:6:"d37yno";}'),
('18bdkjufo03vi4f6e3g91bf8h2', 1353292272, 1209600, 'site|a:1:{s:8:"language";a:4:{s:11:"language_id";s:1:"1";s:4:"name";s:14:"Русский";s:4:"code";s:2:"ru";s:6:"locale";s:11:"ru_RU.UTF-8";}}'),
('5r4rbkasi0180ggoh245n1i1n1', 1353292826, 1209600, 'site|a:2:{s:8:"language";a:4:{s:11:"language_id";s:1:"3";s:4:"name";s:6:"中文";s:4:"code";s:2:"zh";s:6:"locale";s:5:"zh_CN";}s:7:"storage";O:8:"stdClass":29:{s:7:"user_id";s:2:"55";s:4:"name";s:9:"sdfsdfsdf";s:6:"status";s:1:"1";s:5:"email";s:16:"fmrfirst@163.com";s:5:"image";s:0:"";s:13:"register_date";s:19:"2012-11-19 06:28:50";s:6:"is_man";s:1:"1";s:5:"block";s:1:"0";s:5:"step1";s:1:"1";s:5:"step2";s:1:"1";s:5:"step3";s:1:"1";s:8:"lastname";s:9:"sdfsdfsdf";s:8:"name_eng";s:3:"FAN";s:12:"lastname_eng";s:6:"RUIRUI";s:9:"telephone";s:11:"13311393939";s:5:"skype";s:6:"123321";s:4:"city";N;s:10:"birth_date";s:10:"1984-06-14";s:6:"height";s:3:"168";s:6:"weight";N;s:4:"home";s:1:"1";s:6:"childs";s:1:"0";s:12:"notification";s:1:"0";s:20:"notification_in_days";s:1:"0";s:8:"fullname";s:19:"sdfsdfsdf sdfsdfsdf";s:12:"fullname_eng";s:10:"FAN RUIRUI";s:3:"age";i:28;s:6:"region";s:6:"北京";s:11:"partner_age";N;}}'),
('bka93sq47q0s80ce60idcgnp27', 1353293385, 1209600, 'site|a:1:{s:8:"language";a:4:{s:11:"language_id";s:1:"1";s:4:"name";s:14:"Русский";s:4:"code";s:2:"ru";s:6:"locale";s:11:"ru_RU.UTF-8";}}'),
('lqg8cgas4iuiu9ivnhngkc29v3', 1353293589, 1209600, 'site|a:1:{s:8:"language";a:4:{s:11:"language_id";s:1:"1";s:4:"name";s:14:"Русский";s:4:"code";s:2:"ru";s:6:"locale";s:11:"ru_RU.UTF-8";}}'),
('jalrmbkesgdpfk032a3k3h2o72', 1353294120, 1209600, 'site|a:1:{s:8:"language";a:4:{s:11:"language_id";s:1:"1";s:4:"name";s:14:"Русский";s:4:"code";s:2:"ru";s:6:"locale";s:11:"ru_RU.UTF-8";}}__ZF|a:1:{s:50:"Zend_Form_Captcha_b956b9f14cc2316087db73a6bc1cce34";a:2:{s:4:"ENNH";i:1;s:3:"ENT";i:1353294420;}}Zend_Form_Captcha_b956b9f14cc2316087db73a6bc1cce34|a:1:{s:4:"word";s:6:"tub8f8";}'),
('r1sr0u2vvtifmqm7l9bhas96q6', 1353294168, 1209600, 'site|a:1:{s:8:"language";a:4:{s:11:"language_id";s:1:"1";s:4:"name";s:14:"Русский";s:4:"code";s:2:"ru";s:6:"locale";s:11:"ru_RU.UTF-8";}}'),
('maa8g5foc05fgehqgnk2n4dh94', 1353294170, 1209600, 'site|a:1:{s:8:"language";a:4:{s:11:"language_id";s:1:"1";s:4:"name";s:14:"Русский";s:4:"code";s:2:"ru";s:6:"locale";s:11:"ru_RU.UTF-8";}}'),
('17lbv00ghc21mvne0ait6rfmv6', 1353294171, 1209600, 'site|a:1:{s:8:"language";a:4:{s:11:"language_id";s:1:"1";s:4:"name";s:14:"Русский";s:4:"code";s:2:"ru";s:6:"locale";s:11:"ru_RU.UTF-8";}}'),
('46o8t5u4qllhn1d8kbnrutlpb6', 1353294181, 1209600, 'site|a:1:{s:8:"language";a:4:{s:11:"language_id";s:1:"1";s:4:"name";s:14:"Русский";s:4:"code";s:2:"ru";s:6:"locale";s:11:"ru_RU.UTF-8";}}'),
('nfs79572rfdj80h5a9d0ketv85', 1353294183, 1209600, 'site|a:1:{s:8:"language";a:4:{s:11:"language_id";s:1:"1";s:4:"name";s:14:"Русский";s:4:"code";s:2:"ru";s:6:"locale";s:11:"ru_RU.UTF-8";}}'),
('ns46n6eefhnqpu3v8kus9l9u67', 1353294656, 1209600, 'site|a:1:{s:8:"language";a:4:{s:11:"language_id";s:1:"1";s:4:"name";s:14:"Русский";s:4:"code";s:2:"ru";s:6:"locale";s:11:"ru_RU.UTF-8";}}'),
('1qto96dlslgem44bb4h7vhp3k1', 1353294689, 1209600, 'site|a:1:{s:8:"language";a:4:{s:11:"language_id";s:1:"1";s:4:"name";s:14:"Русский";s:4:"code";s:2:"ru";s:6:"locale";s:11:"ru_RU.UTF-8";}}__ZF|a:1:{s:50:"Zend_Form_Captcha_b99071c7c8bbb8910e02160a23d45a16";a:2:{s:4:"ENNH";i:1;s:3:"ENT";i:1353294989;}}Zend_Form_Captcha_b99071c7c8bbb8910e02160a23d45a16|a:1:{s:4:"word";s:6:"jijipa";}'),
('snqs19lq0ps9v5q589gfip3ia2', 1353295597, 1209600, 'site|a:1:{s:8:"language";a:4:{s:11:"language_id";s:1:"1";s:4:"name";s:14:"Русский";s:4:"code";s:2:"ru";s:6:"locale";s:11:"ru_RU.UTF-8";}}'),
('hc50lsn72ms88rtotu2f6kara2', 1353295869, 1209600, 'site|a:1:{s:8:"language";a:4:{s:11:"language_id";s:1:"1";s:4:"name";s:14:"Русский";s:4:"code";s:2:"ru";s:6:"locale";s:11:"ru_RU.UTF-8";}}'),
('fa7u4c2504bdvqc6i8v9v3pr43', 1353295966, 1209600, 'site|a:1:{s:8:"language";a:4:{s:11:"language_id";s:1:"1";s:4:"name";s:14:"Русский";s:4:"code";s:2:"ru";s:6:"locale";s:11:"ru_RU.UTF-8";}}'),
('93c59bkv7if6l60ci3r2m15m04', 1353297102, 1209600, 'site|a:1:{s:8:"language";a:4:{s:11:"language_id";s:1:"1";s:4:"name";s:14:"Русский";s:4:"code";s:2:"ru";s:6:"locale";s:11:"ru_RU.UTF-8";}}'),
('i29ekvp6ac96qevsaob96siqb4', 1353297010, 1209600, 'site|a:1:{s:8:"language";a:4:{s:11:"language_id";s:1:"1";s:4:"name";s:14:"Русский";s:4:"code";s:2:"ru";s:6:"locale";s:11:"ru_RU.UTF-8";}}'),
('u8ibn4samiom60l51fvoc63km6', 1353297011, 1209600, 'site|a:1:{s:8:"language";a:4:{s:11:"language_id";s:1:"1";s:4:"name";s:14:"Русский";s:4:"code";s:2:"ru";s:6:"locale";s:11:"ru_RU.UTF-8";}}'),
('neeb24v5nouf6dn6cuqaonkdu1', 1353299799, 1209600, 'site|a:1:{s:8:"language";a:4:{s:11:"language_id";s:1:"1";s:4:"name";s:14:"Русский";s:4:"code";s:2:"ru";s:6:"locale";s:11:"ru_RU.UTF-8";}}'),
('46mf1h277sh7r61elqq7ihciq2', 1353301071, 1209600, 'site|a:1:{s:8:"language";a:4:{s:11:"language_id";s:1:"1";s:4:"name";s:14:"Русский";s:4:"code";s:2:"ru";s:6:"locale";s:11:"ru_RU.UTF-8";}}__ZF|a:1:{s:50:"Zend_Form_Captcha_37c69f9bc66115bf772d4e72a4b13c20";a:2:{s:4:"ENNH";i:1;s:3:"ENT";i:1353301371;}}Zend_Form_Captcha_37c69f9bc66115bf772d4e72a4b13c20|a:1:{s:4:"word";s:6:"9emap7";}'),
('1s8mjtatb303j3rrg2spbt33v0', 1353302311, 1209600, 'site|a:1:{s:8:"language";a:4:{s:11:"language_id";s:1:"1";s:4:"name";s:14:"Русский";s:4:"code";s:2:"ru";s:6:"locale";s:11:"ru_RU.UTF-8";}}'),
('i0sv62ci7c1f3dt3ed2b956c27', 1353302321, 1209600, 'site|a:1:{s:8:"language";a:4:{s:11:"language_id";s:1:"1";s:4:"name";s:14:"Русский";s:4:"code";s:2:"ru";s:6:"locale";s:11:"ru_RU.UTF-8";}}'),
('livce1tv3jodcedcsc7hb3maj3', 1353303099, 1209600, 'site|a:1:{s:8:"language";a:4:{s:11:"language_id";s:1:"1";s:4:"name";s:14:"Русский";s:4:"code";s:2:"ru";s:6:"locale";s:11:"ru_RU.UTF-8";}}'),
('nbmkf0lmrm2cbf2dnh638q48v2', 1353303567, 1209600, 'site|a:1:{s:8:"language";a:4:{s:11:"language_id";s:1:"1";s:4:"name";s:14:"Русский";s:4:"code";s:2:"ru";s:6:"locale";s:11:"ru_RU.UTF-8";}}'),
('vjp4hcgdjjjs8i164s9jjammm1', 1353304597, 1209600, 'site|a:1:{s:8:"language";a:4:{s:11:"language_id";s:1:"1";s:4:"name";s:14:"Русский";s:4:"code";s:2:"ru";s:6:"locale";s:11:"ru_RU.UTF-8";}}__ZF|a:3:{s:50:"Zend_Form_Captcha_bcca7c23fa2100ff0fbca485075d2225";a:2:{s:4:"ENNH";i:1;s:3:"ENT";i:1353304891;}s:50:"Zend_Form_Captcha_cf86905233deacd67e49334304dca434";a:2:{s:4:"ENNH";i:1;s:3:"ENT";i:1353304891;}s:50:"Zend_Form_Captcha_035d441e678df9cafb37e6ef07bbd192";a:2:{s:4:"ENNH";i:1;s:3:"ENT";i:1353304897;}}Zend_Form_Captcha_cf86905233deacd67e49334304dca434|a:1:{s:4:"word";s:6:"8uue43";}Zend_Form_Captcha_035d441e678df9cafb37e6ef07bbd192|a:1:{s:4:"word";s:6:"942o9i";}'),
('45qqg9i72112r8dai6unc8mle7', 1353400637, 1209600, 'site|a:1:{s:8:"language";a:4:{s:11:"language_id";s:1:"1";s:4:"name";s:14:"Русский";s:4:"code";s:2:"ru";s:6:"locale";s:11:"ru_RU.UTF-8";}}'),
('16ri0equ9jn6cc9j5uo76euhr5', 1353311099, 1209600, 'site|a:1:{s:8:"language";a:4:{s:11:"language_id";s:1:"1";s:4:"name";s:14:"Русский";s:4:"code";s:2:"ru";s:6:"locale";s:11:"ru_RU.UTF-8";}}'),
('na68q6bji5vjb7u25fbvsvjod7', 1353308307, 1209600, 'site|a:1:{s:8:"language";a:4:{s:11:"language_id";s:1:"1";s:4:"name";s:14:"Русский";s:4:"code";s:2:"ru";s:6:"locale";s:11:"ru_RU.UTF-8";}}__ZF|a:1:{s:50:"Zend_Form_Captcha_e9c764e1f249de9e6343048c744999cb";a:2:{s:4:"ENNH";i:1;s:3:"ENT";i:1353308607;}}Zend_Form_Captcha_e9c764e1f249de9e6343048c744999cb|a:1:{s:4:"word";s:6:"5ipazu";}'),
('d8a9neact6ap5fgf6o82ari3t2', 1353308275, 1209600, 'site|a:1:{s:8:"language";a:4:{s:11:"language_id";s:1:"1";s:4:"name";s:14:"Русский";s:4:"code";s:2:"ru";s:6:"locale";s:11:"ru_RU.UTF-8";}}'),
('g696skqkqi7a68uav4hj69sbf4', 1353308276, 1209600, 'site|a:1:{s:8:"language";a:4:{s:11:"language_id";s:1:"1";s:4:"name";s:14:"Русский";s:4:"code";s:2:"ru";s:6:"locale";s:11:"ru_RU.UTF-8";}}'),
('ff5fdv55ap6ek1hvl1e8mvaas7', 1353308298, 1209600, 'site|a:1:{s:8:"language";a:4:{s:11:"language_id";s:1:"1";s:4:"name";s:14:"Русский";s:4:"code";s:2:"ru";s:6:"locale";s:11:"ru_RU.UTF-8";}}'),
('rhcm60mft3toduhbab52fnj0a2', 1353308299, 1209600, 'site|a:1:{s:8:"language";a:4:{s:11:"language_id";s:1:"1";s:4:"name";s:14:"Русский";s:4:"code";s:2:"ru";s:6:"locale";s:11:"ru_RU.UTF-8";}}'),
('k5q6i57tta2tc2puk36ubskl70', 1353308336, 1209600, 'site|a:1:{s:8:"language";a:4:{s:11:"language_id";s:1:"1";s:4:"name";s:14:"Русский";s:4:"code";s:2:"ru";s:6:"locale";s:11:"ru_RU.UTF-8";}}');
INSERT INTO `sessions` (`session_id`, `modified`, `lifetime`, `data`) VALUES
('lou47unekqgosi3me9kmnikf12', 1353308319, 1209600, 'site|a:1:{s:8:"language";a:4:{s:11:"language_id";s:1:"1";s:4:"name";s:14:"Русский";s:4:"code";s:2:"ru";s:6:"locale";s:11:"ru_RU.UTF-8";}}'),
('sulbnsp4h9u917ph1i7qtfouc0', 1353308321, 1209600, 'site|a:1:{s:8:"language";a:4:{s:11:"language_id";s:1:"1";s:4:"name";s:14:"Русский";s:4:"code";s:2:"ru";s:6:"locale";s:11:"ru_RU.UTF-8";}}'),
('tccjag8dcgsruej0bee0ei09q5', 1353308585, 1209600, 'site|a:1:{s:8:"language";a:4:{s:11:"language_id";s:1:"1";s:4:"name";s:14:"Русский";s:4:"code";s:2:"ru";s:6:"locale";s:11:"ru_RU.UTF-8";}}'),
('c34u8imqlct4ppck3vvibmfeq0', 1353309298, 1209600, 'site|a:1:{s:8:"language";a:4:{s:11:"language_id";s:1:"1";s:4:"name";s:14:"Русский";s:4:"code";s:2:"ru";s:6:"locale";s:11:"ru_RU.UTF-8";}}'),
('t1c2l6fnrktf3p0c1dtno7sq94', 1353309310, 1209600, 'site|a:1:{s:8:"language";a:4:{s:11:"language_id";s:1:"1";s:4:"name";s:14:"Русский";s:4:"code";s:2:"ru";s:6:"locale";s:11:"ru_RU.UTF-8";}}'),
('q6ej6uph3hiqftjlns6dnse1h6', 1353310531, 1209600, 'site|a:1:{s:8:"language";a:4:{s:11:"language_id";s:1:"1";s:4:"name";s:14:"Русский";s:4:"code";s:2:"ru";s:6:"locale";s:11:"ru_RU.UTF-8";}}__ZF|a:1:{s:50:"Zend_Form_Captcha_feb5c272677bb6e389a7547cbd1cb1da";a:2:{s:4:"ENNH";i:1;s:3:"ENT";i:1353310831;}}Zend_Form_Captcha_feb5c272677bb6e389a7547cbd1cb1da|a:1:{s:4:"word";s:6:"x8kyg4";}'),
('d7v65ag6ed1k457lgpoeu308m2', 1353310958, 1209600, 'site|a:1:{s:8:"language";a:4:{s:11:"language_id";s:1:"1";s:4:"name";s:14:"Русский";s:4:"code";s:2:"ru";s:6:"locale";s:11:"ru_RU.UTF-8";}}'),
('iat2nifdajp00jvu4p4otc6e90', 1353310980, 1209600, 'site|a:1:{s:8:"language";a:4:{s:11:"language_id";s:1:"1";s:4:"name";s:14:"Русский";s:4:"code";s:2:"ru";s:6:"locale";s:11:"ru_RU.UTF-8";}}'),
('g4itbjh8nn3ge5kgnfgs4pekj0', 1353310980, 1209600, 'site|a:1:{s:8:"language";a:4:{s:11:"language_id";s:1:"1";s:4:"name";s:14:"Русский";s:4:"code";s:2:"ru";s:6:"locale";s:11:"ru_RU.UTF-8";}}'),
('90nrij6ad9h7j7hv1ekg7i5vp5', 1353310981, 1209600, 'site|a:1:{s:8:"language";a:4:{s:11:"language_id";s:1:"1";s:4:"name";s:14:"Русский";s:4:"code";s:2:"ru";s:6:"locale";s:11:"ru_RU.UTF-8";}}'),
('e3mculv465d98q2d285lutpm03', 1353311021, 1209600, 'site|a:1:{s:8:"language";a:4:{s:11:"language_id";s:1:"1";s:4:"name";s:14:"Русский";s:4:"code";s:2:"ru";s:6:"locale";s:11:"ru_RU.UTF-8";}}'),
('nb0cnf1cfg8n43gk4u02vjjig7', 1353311555, 1209600, 'site|a:1:{s:8:"language";a:4:{s:11:"language_id";s:1:"1";s:4:"name";s:14:"Русский";s:4:"code";s:2:"ru";s:6:"locale";s:11:"ru_RU.UTF-8";}}'),
('1d240mopng61tprod8kg188t51', 1353311454, 1209600, 'site|a:1:{s:8:"language";a:4:{s:11:"language_id";s:1:"1";s:4:"name";s:14:"Русский";s:4:"code";s:2:"ru";s:6:"locale";s:11:"ru_RU.UTF-8";}}'),
('qs14a1akkk4ft692mldk7b8m54', 1353312250, 1209600, 'site|a:1:{s:8:"language";a:4:{s:11:"language_id";s:1:"1";s:4:"name";s:14:"Русский";s:4:"code";s:2:"ru";s:6:"locale";s:11:"ru_RU.UTF-8";}}'),
('b9iv7katl6vms61ro5apqgcja6', 1353312230, 1209600, 'site|a:1:{s:8:"language";a:4:{s:11:"language_id";s:1:"1";s:4:"name";s:14:"Русский";s:4:"code";s:2:"ru";s:6:"locale";s:11:"ru_RU.UTF-8";}}'),
('a8836kard23u772aul2kgd5n81', 1353477236, 1209600, 'site|a:2:{s:8:"language";a:4:{s:11:"language_id";s:1:"3";s:4:"name";s:6:"中文";s:4:"code";s:2:"zh";s:6:"locale";s:5:"zh_CN";}s:7:"storage";O:8:"stdClass":29:{s:7:"user_id";s:2:"56";s:4:"name";s:3:"wee";s:6:"status";s:1:"1";s:5:"email";s:16:"215335729@qq.com";s:5:"image";s:0:"";s:13:"register_date";s:19:"2012-11-19 11:46:52";s:6:"is_man";s:1:"0";s:5:"block";s:1:"0";s:5:"step1";s:1:"1";s:5:"step2";s:1:"1";s:5:"step3";s:1:"1";s:8:"lastname";s:3:"rty";s:8:"name_eng";s:5:"tuyhh";s:12:"lastname_eng";s:5:"errry";s:9:"telephone";s:9:"222222222";s:5:"skype";s:13:"2222222222222";s:4:"city";N;s:10:"birth_date";s:10:"1978-03-16";s:6:"height";s:0:"";s:6:"weight";N;s:4:"home";s:1:"1";s:6:"childs";s:1:"0";s:12:"notification";s:1:"0";s:20:"notification_in_days";s:1:"0";s:8:"fullname";s:7:"wee rty";s:12:"fullname_eng";s:11:"tuyhh errry";s:3:"age";i:34;s:6:"region";N;s:11:"partner_age";s:5:"16-20";}}'),
('as98r37i89l0ja4eoi9tmspo27', 1353311352, 1209600, 'site|a:1:{s:8:"language";a:4:{s:11:"language_id";s:1:"1";s:4:"name";s:14:"Русский";s:4:"code";s:2:"ru";s:6:"locale";s:11:"ru_RU.UTF-8";}}'),
('o5jkutc04a99mk3popmn4o2eu1', 1353311454, 1209600, 'site|a:1:{s:8:"language";a:4:{s:11:"language_id";s:1:"1";s:4:"name";s:14:"Русский";s:4:"code";s:2:"ru";s:6:"locale";s:11:"ru_RU.UTF-8";}}'),
('2scglp19hb7ql4ogk3sjdukla0', 1353316066, 1209600, 'site|a:2:{s:8:"language";a:4:{s:11:"language_id";s:1:"1";s:4:"name";s:14:"Русский";s:4:"code";s:2:"ru";s:6:"locale";s:11:"ru_RU.UTF-8";}s:7:"storage";O:8:"stdClass":24:{s:7:"user_id";s:2:"52";s:4:"name";s:4:"wang";s:6:"status";s:1:"1";s:5:"email";s:26:"hitjuchangbin@yahoo.com.cn";s:5:"image";s:29:"users/0452632001353121553.jpg";s:13:"register_date";s:19:"2012-11-17 06:50:42";s:6:"is_man";s:1:"1";s:5:"block";s:1:"0";s:5:"step1";s:1:"1";s:5:"step2";s:1:"1";s:5:"step3";s:1:"1";s:8:"lastname";s:5:"ceshi";s:8:"name_eng";s:4:"wang";s:12:"lastname_eng";s:5:"ceshi";s:9:"telephone";s:11:"15201056286";s:5:"skype";s:8:"01056286";s:4:"city";N;s:10:"birth_date";s:10:"1982-02-03";s:6:"height";s:3:"178";s:6:"weight";N;s:4:"home";s:1:"1";s:6:"childs";s:1:"0";s:12:"notification";s:1:"0";s:20:"notification_in_days";s:1:"0";}}'),
('icdp1rmqtak9pt2fp7a4c48j27', 1353311695, 1209600, 'site|a:2:{s:8:"language";a:4:{s:11:"language_id";s:1:"1";s:4:"name";s:14:"Русский";s:4:"code";s:2:"ru";s:6:"locale";s:11:"ru_RU.UTF-8";}s:7:"storage";O:8:"stdClass":29:{s:7:"user_id";s:2:"57";s:4:"name";s:0:"";s:6:"status";s:1:"1";s:5:"email";s:16:"331434845@qq.com";s:5:"image";N;s:13:"register_date";s:19:"2012-11-19 11:51:04";s:6:"is_man";s:1:"1";s:5:"block";s:1:"0";s:5:"step1";s:1:"0";s:5:"step2";s:1:"0";s:5:"step3";s:1:"0";s:8:"lastname";s:0:"";s:8:"name_eng";s:0:"";s:12:"lastname_eng";s:0:"";s:9:"telephone";s:0:"";s:5:"skype";s:0:"";s:4:"city";N;s:10:"birth_date";s:10:"0000-00-00";s:6:"height";s:0:"";s:6:"weight";N;s:4:"home";s:1:"1";s:6:"childs";s:1:"0";s:12:"notification";s:1:"0";s:20:"notification_in_days";s:1:"0";s:8:"fullname";s:1:" ";s:12:"fullname_eng";s:1:" ";s:3:"age";b:0;s:6:"region";N;s:11:"partner_age";N;}}'),
('0ja4lu32rtfp9ftle5valnu1f1', 1353311576, 1209600, 'site|a:1:{s:8:"language";a:4:{s:11:"language_id";s:1:"1";s:4:"name";s:14:"Русский";s:4:"code";s:2:"ru";s:6:"locale";s:11:"ru_RU.UTF-8";}}'),
('scbpbr20lbudj01sk2sro9r770', 1353311577, 1209600, 'site|a:1:{s:8:"language";a:4:{s:11:"language_id";s:1:"1";s:4:"name";s:14:"Русский";s:4:"code";s:2:"ru";s:6:"locale";s:11:"ru_RU.UTF-8";}}'),
('ql2q9bptd0fuk0n3vcte63t087', 1353311584, 1209600, 'site|a:1:{s:8:"language";a:4:{s:11:"language_id";s:1:"1";s:4:"name";s:14:"Русский";s:4:"code";s:2:"ru";s:6:"locale";s:11:"ru_RU.UTF-8";}}'),
('pqt5o90nfkoadbugb9mi9bept2', 1353311585, 1209600, 'site|a:1:{s:8:"language";a:4:{s:11:"language_id";s:1:"1";s:4:"name";s:14:"Русский";s:4:"code";s:2:"ru";s:6:"locale";s:11:"ru_RU.UTF-8";}}'),
('uu85nh9a2c1ea1afjhqcgkmi43', 1353313494, 1209600, 'site|a:1:{s:8:"language";a:4:{s:11:"language_id";s:1:"1";s:4:"name";s:14:"Русский";s:4:"code";s:2:"ru";s:6:"locale";s:11:"ru_RU.UTF-8";}}'),
('825177k6lkn2qjlv4eh5n7b3f7', 1353312231, 1209600, 'site|a:1:{s:8:"language";a:4:{s:11:"language_id";s:1:"1";s:4:"name";s:14:"Русский";s:4:"code";s:2:"ru";s:6:"locale";s:11:"ru_RU.UTF-8";}}'),
('5fchg0tj2662vf99koo0vm8ta6', 1353401689, 1209600, 'site|a:2:{s:8:"language";a:4:{s:11:"language_id";s:1:"3";s:4:"name";s:6:"中文";s:4:"code";s:2:"zh";s:6:"locale";s:5:"zh_CN";}s:7:"storage";O:8:"stdClass":24:{s:7:"user_id";s:2:"52";s:4:"name";s:4:"wang";s:6:"status";s:1:"1";s:5:"email";s:26:"hitjuchangbin@yahoo.com.cn";s:5:"image";s:29:"users/0452632001353121553.jpg";s:13:"register_date";s:19:"2012-11-17 06:50:42";s:6:"is_man";s:1:"1";s:5:"block";s:1:"0";s:5:"step1";s:1:"1";s:5:"step2";s:1:"1";s:5:"step3";s:1:"1";s:8:"lastname";s:5:"ceshi";s:8:"name_eng";s:4:"wang";s:12:"lastname_eng";s:5:"ceshi";s:9:"telephone";s:11:"15201056286";s:5:"skype";s:8:"01056286";s:4:"city";s:0:"";s:10:"birth_date";s:10:"1982-02-03";s:6:"height";s:3:"178";s:6:"weight";N;s:4:"home";s:1:"1";s:6:"childs";s:1:"0";s:12:"notification";s:1:"0";s:20:"notification_in_days";s:1:"0";}}'),
('iepfp1jq77fvcibeeu40kem3f3', 1353337602, 1209600, 'site|a:1:{s:8:"language";a:4:{s:11:"language_id";s:1:"1";s:4:"name";s:14:"Русский";s:4:"code";s:2:"ru";s:6:"locale";s:11:"ru_RU.UTF-8";}}'),
('q8bc8e9q7nc2vfcd7dr8oqlm71', 1353337697, 1209600, 'site|a:1:{s:8:"language";a:4:{s:11:"language_id";s:1:"1";s:4:"name";s:14:"Русский";s:4:"code";s:2:"ru";s:6:"locale";s:11:"ru_RU.UTF-8";}}'),
('04ed6f754nkjntebvip3pqj9t7', 1353337670, 1209600, 'site|a:1:{s:8:"language";a:4:{s:11:"language_id";s:1:"1";s:4:"name";s:14:"Русский";s:4:"code";s:2:"ru";s:6:"locale";s:11:"ru_RU.UTF-8";}}__ZF|a:2:{s:50:"Zend_Form_Captcha_24c7161c363280f1ac54f33c2f87f5cb";a:2:{s:4:"ENNH";i:1;s:3:"ENT";i:1353337963;}s:50:"Zend_Form_Captcha_666ba62ae24952770ed756ee0a05ee13";a:2:{s:4:"ENNH";i:1;s:3:"ENT";i:1353337970;}}Zend_Form_Captcha_24c7161c363280f1ac54f33c2f87f5cb|a:1:{s:4:"word";s:6:"82u2m7";}Zend_Form_Captcha_666ba62ae24952770ed756ee0a05ee13|a:1:{s:4:"word";s:6:"85t5ho";}'),
('tvruc4higf8mug8ut3smtm2b90', 1353313091, 1209600, 'site|a:1:{s:8:"language";a:4:{s:11:"language_id";s:1:"1";s:4:"name";s:14:"Русский";s:4:"code";s:2:"ru";s:6:"locale";s:11:"ru_RU.UTF-8";}}'),
('l7kb59hr1vtp9cuh8n02nku653', 1353313131, 1209600, 'site|a:1:{s:8:"language";a:4:{s:11:"language_id";s:1:"1";s:4:"name";s:14:"Русский";s:4:"code";s:2:"ru";s:6:"locale";s:11:"ru_RU.UTF-8";}}'),
('lpeau420d833832gguhe5psps4', 1353313173, 1209600, 'site|a:1:{s:8:"language";a:4:{s:11:"language_id";s:1:"1";s:4:"name";s:14:"Русский";s:4:"code";s:2:"ru";s:6:"locale";s:11:"ru_RU.UTF-8";}}'),
('2gc1v6davu399882ai4qv4r1l6', 1353315688, 1209600, 'site|a:1:{s:8:"language";a:4:{s:11:"language_id";s:1:"3";s:4:"name";s:6:"中文";s:4:"code";s:2:"zh";s:6:"locale";s:5:"zh_CN";}}__ZF|a:1:{s:50:"Zend_Form_Captcha_c0d16852a0c445bbad0e38cc9d837e52";a:2:{s:4:"ENNH";i:1;s:3:"ENT";i:1353315888;}}Zend_Form_Captcha_c0d16852a0c445bbad0e38cc9d837e52|a:1:{s:4:"word";s:6:"h4nax3";}'),
('tqqap5tuk1rgl3n8cc8po8k3e5', 1353318878, 1209600, 'site|a:2:{s:8:"language";a:4:{s:11:"language_id";s:1:"3";s:4:"name";s:6:"中文";s:4:"code";s:2:"zh";s:6:"locale";s:5:"zh_CN";}s:7:"storage";O:8:"stdClass":29:{s:7:"user_id";s:2:"60";s:4:"name";s:7:"chinese";s:6:"status";s:1:"1";s:5:"email";s:14:"7254061@qq.com";s:5:"image";s:0:"";s:13:"register_date";s:19:"2012-11-19 12:53:57";s:6:"is_man";s:1:"1";s:5:"block";s:1:"0";s:5:"step1";s:1:"1";s:5:"step2";s:1:"1";s:5:"step3";s:1:"1";s:8:"lastname";s:7:"english";s:8:"name_eng";s:5:"danny";s:12:"lastname_eng";s:4:"wang";s:9:"telephone";s:14:"86 18602888286";s:5:"skype";s:11:"dannywon711";s:4:"city";N;s:10:"birth_date";s:10:"1983-07-11";s:6:"height";s:0:"";s:6:"weight";N;s:4:"home";s:1:"1";s:6:"childs";s:1:"0";s:12:"notification";s:1:"0";s:20:"notification_in_days";s:1:"0";s:8:"fullname";s:15:"chinese english";s:12:"fullname_eng";s:10:"danny wang";s:3:"age";i:29;s:6:"region";N;s:11:"partner_age";N;}}'),
('6eiqho221dp346rm668b1u2d45', 1353425271, 1209600, 'site|a:1:{s:8:"language";a:4:{s:11:"language_id";s:1:"1";s:4:"name";s:14:"Русский";s:4:"code";s:2:"ru";s:6:"locale";s:11:"ru_RU.UTF-8";}}'),
('dlbkqsqlkm820mmdivp6chddp0', 1353441776, 1209600, 'site|a:1:{s:8:"language";a:4:{s:11:"language_id";s:1:"1";s:4:"name";s:14:"Русский";s:4:"code";s:2:"ru";s:6:"locale";s:11:"ru_RU.UTF-8";}}'),
('7mk21irvovneb37kcin5ldp8u3', 1353441776, 1209600, 'site|a:1:{s:8:"language";a:4:{s:11:"language_id";s:1:"1";s:4:"name";s:14:"Русский";s:4:"code";s:2:"ru";s:6:"locale";s:11:"ru_RU.UTF-8";}}'),
('eg1l6dsd8ip6fasecrsi38ott3', 1353449482, 1209600, 'site|a:1:{s:8:"language";a:4:{s:11:"language_id";s:1:"1";s:4:"name";s:14:"Русский";s:4:"code";s:2:"ru";s:6:"locale";s:11:"ru_RU.UTF-8";}}'),
('2tbspoacoomd30sqgcpg1obq10', 1353427794, 1209600, 'site|a:1:{s:8:"language";a:4:{s:11:"language_id";s:1:"1";s:4:"name";s:14:"Русский";s:4:"code";s:2:"ru";s:6:"locale";s:11:"ru_RU.UTF-8";}}'),
('516p7if7lnmlih10p901i4ov84', 1353314152, 1209600, 'site|a:1:{s:8:"language";a:4:{s:11:"language_id";s:1:"1";s:4:"name";s:14:"Русский";s:4:"code";s:2:"ru";s:6:"locale";s:11:"ru_RU.UTF-8";}}'),
('65l64usskjkigrpeld6cetr951', 1353314154, 1209600, 'site|a:1:{s:8:"language";a:4:{s:11:"language_id";s:1:"1";s:4:"name";s:14:"Русский";s:4:"code";s:2:"ru";s:6:"locale";s:11:"ru_RU.UTF-8";}}'),
('vg7j0v054ovh271q825tkpogt1', 1353314733, 1209600, 'site|a:2:{s:8:"language";a:4:{s:11:"language_id";s:1:"3";s:4:"name";s:6:"中文";s:4:"code";s:2:"zh";s:6:"locale";s:5:"zh_CN";}s:7:"storage";O:8:"stdClass":24:{s:7:"user_id";s:2:"52";s:4:"name";s:4:"wang";s:6:"status";s:1:"1";s:5:"email";s:26:"hitjuchangbin@yahoo.com.cn";s:5:"image";s:29:"users/0452632001353121553.jpg";s:13:"register_date";s:19:"2012-11-17 06:50:42";s:6:"is_man";s:1:"1";s:5:"block";s:1:"0";s:5:"step1";s:1:"1";s:5:"step2";s:1:"1";s:5:"step3";s:1:"1";s:8:"lastname";s:5:"ceshi";s:8:"name_eng";s:4:"wang";s:12:"lastname_eng";s:5:"ceshi";s:9:"telephone";s:11:"15201056286";s:5:"skype";s:8:"01056286";s:4:"city";N;s:10:"birth_date";s:10:"1982-02-03";s:6:"height";s:3:"178";s:6:"weight";N;s:4:"home";s:1:"1";s:6:"childs";s:1:"0";s:12:"notification";s:1:"0";s:20:"notification_in_days";s:1:"0";}}'),
('j5nlig89t81gomf198knistjl5', 1353314248, 1209600, 'site|a:1:{s:8:"language";a:4:{s:11:"language_id";s:1:"1";s:4:"name";s:14:"Русский";s:4:"code";s:2:"ru";s:6:"locale";s:11:"ru_RU.UTF-8";}}'),
('kj9qd5a48m9r8ihrg9ddi7fag6', 1353314689, 1209600, 'site|a:1:{s:8:"language";a:4:{s:11:"language_id";s:1:"1";s:4:"name";s:14:"Русский";s:4:"code";s:2:"ru";s:6:"locale";s:11:"ru_RU.UTF-8";}}'),
('hccq9m1nnr0od3rmdvf6q7k5n2', 1353317541, 1209600, 'site|a:1:{s:8:"language";a:4:{s:11:"language_id";s:1:"1";s:4:"name";s:14:"Русский";s:4:"code";s:2:"ru";s:6:"locale";s:11:"ru_RU.UTF-8";}}'),
('qq4kjp7c6i224agqdg6b9tv3m7', 1353315326, 1209600, 'site|a:1:{s:8:"language";a:4:{s:11:"language_id";s:1:"1";s:4:"name";s:14:"Русский";s:4:"code";s:2:"ru";s:6:"locale";s:11:"ru_RU.UTF-8";}}'),
('qvt27gd4l0b6d8l8ia5thegoo3', 1353315356, 1209600, 'site|a:1:{s:8:"language";a:4:{s:11:"language_id";s:1:"1";s:4:"name";s:14:"Русский";s:4:"code";s:2:"ru";s:6:"locale";s:11:"ru_RU.UTF-8";}}'),
('ortl7qifka5qrucrta5ljn9c87', 1353315404, 1209600, 'site|a:1:{s:8:"language";a:4:{s:11:"language_id";s:1:"1";s:4:"name";s:14:"Русский";s:4:"code";s:2:"ru";s:6:"locale";s:11:"ru_RU.UTF-8";}}'),
('1nmrlvmj1u84cjmmj8hcjv0tj1', 1353315635, 1209600, 'site|a:1:{s:8:"language";a:4:{s:11:"language_id";s:1:"3";s:4:"name";s:6:"中文";s:4:"code";s:2:"zh";s:6:"locale";s:5:"zh_CN";}}__ZF|a:2:{s:50:"Zend_Form_Captcha_0f50141ae4f2e1c2d1bc525b5226ff52";a:2:{s:4:"ENNH";i:1;s:3:"ENT";i:1353315871;}s:50:"Zend_Form_Captcha_0515dbcc4ac47fd2698116bca98767a4";a:2:{s:4:"ENNH";i:1;s:3:"ENT";i:1353315933;}}Zend_Form_Captcha_0f50141ae4f2e1c2d1bc525b5226ff52|a:1:{s:4:"word";s:6:"kib3xi";}'),
('5s3png8iton2q0hhiei9vonl56', 1353315696, 1209600, 'site|a:1:{s:8:"language";a:4:{s:11:"language_id";s:1:"1";s:4:"name";s:14:"Русский";s:4:"code";s:2:"ru";s:6:"locale";s:11:"ru_RU.UTF-8";}}'),
('tpsh46cpsvpgvph3607otsguc4', 1353315646, 1209600, 'site|a:1:{s:8:"language";a:4:{s:11:"language_id";s:1:"1";s:4:"name";s:14:"Русский";s:4:"code";s:2:"ru";s:6:"locale";s:11:"ru_RU.UTF-8";}}'),
('hf8vlrudqtqdd0qg28209867s1', 1353315893, 1209600, 'site|a:2:{s:8:"language";a:4:{s:11:"language_id";s:1:"1";s:4:"name";s:14:"Русский";s:4:"code";s:2:"ru";s:6:"locale";s:11:"ru_RU.UTF-8";}s:7:"storage";O:8:"stdClass":29:{s:7:"user_id";s:2:"61";s:4:"name";s:0:"";s:6:"status";s:1:"1";s:5:"email";s:15:"luosd09@126.com";s:5:"image";N;s:13:"register_date";s:19:"2012-11-19 13:00:33";s:6:"is_man";s:1:"1";s:5:"block";s:1:"0";s:5:"step1";s:1:"0";s:5:"step2";s:1:"0";s:5:"step3";s:1:"0";s:8:"lastname";s:0:"";s:8:"name_eng";s:0:"";s:12:"lastname_eng";s:0:"";s:9:"telephone";s:0:"";s:5:"skype";s:0:"";s:4:"city";N;s:10:"birth_date";s:10:"0000-00-00";s:6:"height";s:0:"";s:6:"weight";N;s:4:"home";s:1:"1";s:6:"childs";s:1:"0";s:12:"notification";s:1:"0";s:20:"notification_in_days";s:1:"0";s:8:"fullname";s:1:" ";s:12:"fullname_eng";s:1:" ";s:3:"age";b:0;s:6:"region";N;s:11:"partner_age";N;}}'),
('pgcq2h9sj48uje08thvab9uiu2', 1353315984, 1209600, 'site|a:1:{s:8:"language";a:4:{s:11:"language_id";s:1:"1";s:4:"name";s:14:"Русский";s:4:"code";s:2:"ru";s:6:"locale";s:11:"ru_RU.UTF-8";}}'),
('fcp4umh64qos09sfe6uv5p2pl0', 1353316136, 1209600, 'site|a:1:{s:8:"language";a:4:{s:11:"language_id";s:1:"1";s:4:"name";s:14:"Русский";s:4:"code";s:2:"ru";s:6:"locale";s:11:"ru_RU.UTF-8";}}'),
('m6k1heosmvdgdk3h17gkfbo1i0', 1353317052, 1209600, 'site|a:1:{s:8:"language";a:4:{s:11:"language_id";s:1:"1";s:4:"name";s:14:"Русский";s:4:"code";s:2:"ru";s:6:"locale";s:11:"ru_RU.UTF-8";}}'),
('72dekegnmeh9nvdddv9s9gmij4', 1353318513, 1209600, 'site|a:2:{s:8:"language";a:4:{s:11:"language_id";s:1:"1";s:4:"name";s:14:"Русский";s:4:"code";s:2:"ru";s:6:"locale";s:11:"ru_RU.UTF-8";}s:7:"storage";O:8:"stdClass":29:{s:7:"user_id";s:2:"52";s:4:"name";s:4:"wang";s:6:"status";s:1:"1";s:5:"email";s:26:"hitjuchangbin@yahoo.com.cn";s:5:"image";s:29:"users/0452632001353121553.jpg";s:13:"register_date";s:19:"2012-11-17 06:50:42";s:6:"is_man";s:1:"1";s:5:"block";s:1:"0";s:5:"step1";s:1:"1";s:5:"step2";s:1:"1";s:5:"step3";s:1:"1";s:8:"lastname";s:5:"ceshi";s:8:"name_eng";s:4:"wang";s:12:"lastname_eng";s:5:"ceshi";s:9:"telephone";s:11:"15201056286";s:5:"skype";s:8:"01056286";s:4:"city";s:0:"";s:10:"birth_date";s:10:"1982-02-03";s:6:"height";s:3:"178";s:6:"weight";N;s:4:"home";s:1:"1";s:6:"childs";s:1:"0";s:12:"notification";s:1:"0";s:20:"notification_in_days";s:1:"0";s:8:"fullname";s:10:"wang ceshi";s:12:"fullname_eng";s:10:"wang ceshi";s:3:"age";i:30;s:6:"region";s:6:"山东";s:11:"partner_age";s:5:"18-25";}}'),
('lnl4otirh59d1ccc2k9u837mi0', 1353318009, 1209600, 'site|a:1:{s:8:"language";a:4:{s:11:"language_id";s:1:"1";s:4:"name";s:14:"Русский";s:4:"code";s:2:"ru";s:6:"locale";s:11:"ru_RU.UTF-8";}}'),
('cgn07pa0nbpsk80obt69gvphi0', 1353318884, 1209600, 'site|a:1:{s:8:"language";a:4:{s:11:"language_id";s:1:"3";s:4:"name";s:6:"中文";s:4:"code";s:2:"zh";s:6:"locale";s:5:"zh_CN";}}__ZF|a:6:{s:50:"Zend_Form_Captcha_f1c9b09cd6074cc814f242cb3486f05b";a:2:{s:4:"ENNH";i:1;s:3:"ENT";i:1353318920;}s:50:"Zend_Form_Captcha_63bad0624935573eef0c60a308d35896";a:2:{s:4:"ENNH";i:1;s:3:"ENT";i:1353318992;}s:50:"Zend_Form_Captcha_a5d837eeb75a68173b27163645db808f";a:2:{s:4:"ENNH";i:1;s:3:"ENT";i:1353318992;}s:50:"Zend_Form_Captcha_c92e792dec91e8c411ff2fb69c5b1b2f";a:2:{s:4:"ENNH";i:1;s:3:"ENT";i:1353319088;}s:50:"Zend_Form_Captcha_3a0b26bf922a9938abdd7c7045f4d4b2";a:2:{s:4:"ENNH";i:1;s:3:"ENT";i:1353319169;}s:50:"Zend_Form_Captcha_2deba324bfaa9df291f2571113c5b670";a:2:{s:4:"ENNH";i:1;s:3:"ENT";i:1353319183;}}Zend_Form_Captcha_a5d837eeb75a68173b27163645db808f|a:1:{s:4:"word";s:6:"u876q4";}Zend_Form_Captcha_c92e792dec91e8c411ff2fb69c5b1b2f|a:1:{s:4:"word";s:6:"jy58fe";}Zend_Form_Captcha_3a0b26bf922a9938abdd7c7045f4d4b2|a:1:{s:4:"word";s:6:"8inu55";}'),
('hk235ng99c6u8rukfnarnrngu3', 1353318348, 1209600, 'site|a:1:{s:8:"language";a:4:{s:11:"language_id";s:1:"1";s:4:"name";s:14:"Русский";s:4:"code";s:2:"ru";s:6:"locale";s:11:"ru_RU.UTF-8";}}'),
('gnmpn9ip5gan0cov90bk4k0jp1', 1353318701, 1209600, 'site|a:1:{s:8:"language";a:4:{s:11:"language_id";s:1:"1";s:4:"name";s:14:"Русский";s:4:"code";s:2:"ru";s:6:"locale";s:11:"ru_RU.UTF-8";}}'),
('qvfpllv42d4p9cbqhik5ji02p7', 1353320275, 1209600, 'site|a:1:{s:8:"language";a:4:{s:11:"language_id";s:1:"1";s:4:"name";s:14:"Русский";s:4:"code";s:2:"ru";s:6:"locale";s:11:"ru_RU.UTF-8";}}'),
('tg7ucd6l1i34mfr7ee7qdmnce5', 1353320247, 1209600, 'site|a:1:{s:8:"language";a:4:{s:11:"language_id";s:1:"1";s:4:"name";s:14:"Русский";s:4:"code";s:2:"ru";s:6:"locale";s:11:"ru_RU.UTF-8";}}'),
('51grdtp8f0bkdl7v5jqk8dlh23', 1353320248, 1209600, 'site|a:1:{s:8:"language";a:4:{s:11:"language_id";s:1:"1";s:4:"name";s:14:"Русский";s:4:"code";s:2:"ru";s:6:"locale";s:11:"ru_RU.UTF-8";}}'),
('9omlsn45veq3asav8c6v7kp4q4', 1353320897, 1209600, 'site|a:1:{s:8:"language";a:4:{s:11:"language_id";s:1:"3";s:4:"name";s:6:"中文";s:4:"code";s:2:"zh";s:6:"locale";s:5:"zh_CN";}}'),
('cv0vptq46inagf408pg89j6g24', 1353321854, 1209600, 'site|a:1:{s:8:"language";a:4:{s:11:"language_id";s:1:"1";s:4:"name";s:14:"Русский";s:4:"code";s:2:"ru";s:6:"locale";s:11:"ru_RU.UTF-8";}}'),
('7k0o893351jgqln190uuf3cgn3', 1353321800, 1209600, 'site|a:1:{s:8:"language";a:4:{s:11:"language_id";s:1:"1";s:4:"name";s:14:"Русский";s:4:"code";s:2:"ru";s:6:"locale";s:11:"ru_RU.UTF-8";}}'),
('537db3v6isp2abrrmgh3fjs6m0', 1353321802, 1209600, 'site|a:1:{s:8:"language";a:4:{s:11:"language_id";s:1:"1";s:4:"name";s:14:"Русский";s:4:"code";s:2:"ru";s:6:"locale";s:11:"ru_RU.UTF-8";}}'),
('dmir0rp95839o9h4fj9gj7f535', 1353324808, 1209600, 'site|a:1:{s:8:"language";a:4:{s:11:"language_id";s:1:"1";s:4:"name";s:14:"Русский";s:4:"code";s:2:"ru";s:6:"locale";s:11:"ru_RU.UTF-8";}}'),
('spugif2oekisl9l43oehihful6', 1353327302, 1209600, 'site|a:1:{s:8:"language";a:4:{s:11:"language_id";s:1:"1";s:4:"name";s:14:"Русский";s:4:"code";s:2:"ru";s:6:"locale";s:11:"ru_RU.UTF-8";}}'),
('3640gc1fcrkmpg5iv0rtpl7jt7', 1353329075, 1209600, 'site|a:1:{s:8:"language";a:4:{s:11:"language_id";s:1:"3";s:4:"name";s:6:"中文";s:4:"code";s:2:"zh";s:6:"locale";s:5:"zh_CN";}}'),
('avnnvgfvn4mqb0ato786tf2l37', 1353327779, 1209600, 'site|a:1:{s:8:"language";a:4:{s:11:"language_id";s:1:"1";s:4:"name";s:14:"Русский";s:4:"code";s:2:"ru";s:6:"locale";s:11:"ru_RU.UTF-8";}}'),
('0sf77ie1353l6rd1jsov9tg406', 1353327779, 1209600, 'site|a:1:{s:8:"language";a:4:{s:11:"language_id";s:1:"1";s:4:"name";s:14:"Русский";s:4:"code";s:2:"ru";s:6:"locale";s:11:"ru_RU.UTF-8";}}'),
('378lmq5mm2muia1qvqdkaap9g2', 1353329565, 1209600, 'site|a:1:{s:8:"language";a:4:{s:11:"language_id";s:1:"1";s:4:"name";s:14:"Русский";s:4:"code";s:2:"ru";s:6:"locale";s:11:"ru_RU.UTF-8";}}'),
('oflpkssolq093sposrgjif1lu5', 1353329629, 1209600, 'site|a:1:{s:8:"language";a:4:{s:11:"language_id";s:1:"1";s:4:"name";s:14:"Русский";s:4:"code";s:2:"ru";s:6:"locale";s:11:"ru_RU.UTF-8";}}'),
('14356fk16886a65udj29lhr8l4', 1353329566, 1209600, 'site|a:1:{s:8:"language";a:4:{s:11:"language_id";s:1:"1";s:4:"name";s:14:"Русский";s:4:"code";s:2:"ru";s:6:"locale";s:11:"ru_RU.UTF-8";}}'),
('cf4r4urv4uqsfcjgvso7l0e8u0', 1353330100, 1209600, 'site|a:1:{s:8:"language";a:4:{s:11:"language_id";s:1:"1";s:4:"name";s:14:"Русский";s:4:"code";s:2:"ru";s:6:"locale";s:11:"ru_RU.UTF-8";}}'),
('g8rnn4n1pm4i0hqs5s01s6oq24', 1353328898, 1209600, 'site|a:2:{s:8:"language";a:4:{s:11:"language_id";s:1:"1";s:4:"name";s:14:"Русский";s:4:"code";s:2:"ru";s:6:"locale";s:11:"ru_RU.UTF-8";}s:7:"storage";O:8:"stdClass":24:{s:7:"user_id";s:2:"44";s:4:"name";s:4:"Ivan";s:6:"status";s:1:"1";s:5:"email";s:14:"merx40@mail.ru";s:5:"image";s:29:"users/0549072001352108154.png";s:13:"register_date";s:19:"2012-10-27 00:40:54";s:6:"is_man";s:1:"1";s:5:"block";s:1:"0";s:5:"step1";s:1:"1";s:5:"step2";s:1:"1";s:5:"step3";s:1:"1";s:8:"lastname";s:6:"Ivanov";s:8:"name_eng";s:4:"Ivan";s:12:"lastname_eng";s:6:"Ivanov";s:9:"telephone";s:5:"77888";s:5:"skype";s:4:"hhjj";s:4:"city";s:0:"";s:10:"birth_date";s:10:"1977-02-19";s:6:"height";s:3:"170";s:6:"weight";s:0:"";s:4:"home";s:1:"1";s:6:"childs";s:1:"1";s:12:"notification";s:1:"1";s:20:"notification_in_days";s:1:"1";}}'),
('fmhj6utm2qieivao5p2le8ihm7', 1353376374, 1209600, 'site|a:1:{s:8:"language";a:4:{s:11:"language_id";s:1:"1";s:4:"name";s:14:"Русский";s:4:"code";s:2:"ru";s:6:"locale";s:11:"ru_RU.UTF-8";}}'),
('bpbci119kqbhd7idfeho457411', 1353329092, 1209600, 'site|a:1:{s:8:"language";a:4:{s:11:"language_id";s:1:"1";s:4:"name";s:14:"Русский";s:4:"code";s:2:"ru";s:6:"locale";s:11:"ru_RU.UTF-8";}}__ZF|a:1:{s:50:"Zend_Form_Captcha_4db9461dfe6828e0652e4bd99e445da8";a:2:{s:4:"ENNH";i:1;s:3:"ENT";i:1353329392;}}Zend_Form_Captcha_4db9461dfe6828e0652e4bd99e445da8|a:1:{s:4:"word";s:6:"g3g9me";}'),
('usl1oht90ct45q3161p8f1act7', 1353418572, 1209600, 'site|a:1:{s:8:"language";a:4:{s:11:"language_id";s:1:"3";s:4:"name";s:6:"中文";s:4:"code";s:2:"zh";s:6:"locale";s:5:"zh_CN";}}'),
('n0dhcchqpoefm51coikvfr4bj1', 1353420374, 1209600, 'site|a:1:{s:8:"language";a:4:{s:11:"language_id";s:1:"1";s:4:"name";s:14:"Русский";s:4:"code";s:2:"ru";s:6:"locale";s:11:"ru_RU.UTF-8";}}'),
('n8gm88uf270h1k0sqjj5ae8a77', 1353331648, 1209600, 'site|a:1:{s:8:"language";a:4:{s:11:"language_id";s:1:"3";s:4:"name";s:6:"中文";s:4:"code";s:2:"zh";s:6:"locale";s:5:"zh_CN";}}__ZF|a:1:{s:50:"Zend_Form_Captcha_51a721988a6891dfa25bf6d5c691b07e";a:2:{s:4:"ENNH";i:1;s:3:"ENT";i:1353331948;}}Zend_Form_Captcha_51a721988a6891dfa25bf6d5c691b07e|a:1:{s:4:"word";s:6:"8i7oz9";}'),
('qirok4tvhl0un5kl5066puv7n1', 1353418775, 1209600, 'site|a:1:{s:8:"language";a:4:{s:11:"language_id";s:1:"1";s:4:"name";s:14:"Русский";s:4:"code";s:2:"ru";s:6:"locale";s:11:"ru_RU.UTF-8";}}'),
('j0k9tf2kigdbd3o338esk5jsk6', 1353331902, 1209600, 'site|a:1:{s:8:"language";a:4:{s:11:"language_id";s:1:"3";s:4:"name";s:6:"中文";s:4:"code";s:2:"zh";s:6:"locale";s:5:"zh_CN";}}__ZF|a:1:{s:50:"Zend_Form_Captcha_62e945e51680abcd66768e56b71ff4fb";a:2:{s:4:"ENNH";i:1;s:3:"ENT";i:1353332162;}}Zend_Form_Captcha_62e945e51680abcd66768e56b71ff4fb|a:1:{s:4:"word";s:6:"p8t6w4";}'),
('kp5m16ik1o13lpqre4bqblu8g7', 1353332838, 1209600, 'site|a:1:{s:8:"language";a:4:{s:11:"language_id";s:1:"1";s:4:"name";s:14:"Русский";s:4:"code";s:2:"ru";s:6:"locale";s:11:"ru_RU.UTF-8";}}__ZF|a:1:{s:50:"Zend_Form_Captcha_fb812dcc995d516e44143d9388c94d55";a:2:{s:4:"ENNH";i:1;s:3:"ENT";i:1353333137;}}Zend_Form_Captcha_fb812dcc995d516e44143d9388c94d55|a:1:{s:4:"word";s:6:"8ib4r6";}'),
('b00orka5it67u1153mjk742oj4', 1353331561, 1209600, 'site|a:1:{s:8:"language";a:4:{s:11:"language_id";s:1:"1";s:4:"name";s:14:"Русский";s:4:"code";s:2:"ru";s:6:"locale";s:11:"ru_RU.UTF-8";}}'),
('3frtp3jbfrirad7cl8ka1g9d37', 1353332857, 1209600, 'site|a:1:{s:8:"language";a:4:{s:11:"language_id";s:1:"1";s:4:"name";s:14:"Русский";s:4:"code";s:2:"ru";s:6:"locale";s:11:"ru_RU.UTF-8";}}'),
('rucjv5vj5t8pfp4d8h75379qr7', 1353337703, 1209600, 'site|a:1:{s:8:"language";a:4:{s:11:"language_id";s:1:"1";s:4:"name";s:14:"Русский";s:4:"code";s:2:"ru";s:6:"locale";s:11:"ru_RU.UTF-8";}}'),
('c378hbg44lel295fpm7jmccg02', 1353337703, 1209600, 'site|a:1:{s:8:"language";a:4:{s:11:"language_id";s:1:"1";s:4:"name";s:14:"Русский";s:4:"code";s:2:"ru";s:6:"locale";s:11:"ru_RU.UTF-8";}}'),
('keun1c06hku37hgab77r17ecg2', 1353338958, 1209600, 'site|a:1:{s:8:"language";a:4:{s:11:"language_id";s:1:"1";s:4:"name";s:14:"Русский";s:4:"code";s:2:"ru";s:6:"locale";s:11:"ru_RU.UTF-8";}}'),
('95s7pfrn8rgvbsl6kugp5ojqv6', 1353338959, 1209600, 'site|a:1:{s:8:"language";a:4:{s:11:"language_id";s:1:"1";s:4:"name";s:14:"Русский";s:4:"code";s:2:"ru";s:6:"locale";s:11:"ru_RU.UTF-8";}}'),
('37r1ptbirtc6m8elboglbl71v5', 1353339760, 1209600, 'site|a:1:{s:8:"language";a:4:{s:11:"language_id";s:1:"1";s:4:"name";s:14:"Русский";s:4:"code";s:2:"ru";s:6:"locale";s:11:"ru_RU.UTF-8";}}'),
('8mfoktb63qn3lvvsrhdqh9lcl3', 1353339949, 1209600, 'site|a:1:{s:8:"language";a:4:{s:11:"language_id";s:1:"1";s:4:"name";s:14:"Русский";s:4:"code";s:2:"ru";s:6:"locale";s:11:"ru_RU.UTF-8";}}__ZF|a:1:{s:50:"Zend_Form_Captcha_0a3ab9eeed4dbfcfcf7f040dceb421de";a:2:{s:4:"ENNH";i:1;s:3:"ENT";i:1353340249;}}Zend_Form_Captcha_0a3ab9eeed4dbfcfcf7f040dceb421de|a:1:{s:4:"word";s:6:"nez2n2";}'),
('8d54khrcg4340ua2b4upc4gd07', 1353341537, 1209600, 'site|a:1:{s:8:"language";a:4:{s:11:"language_id";s:1:"1";s:4:"name";s:14:"Русский";s:4:"code";s:2:"ru";s:6:"locale";s:11:"ru_RU.UTF-8";}}'),
('1s32nbtrq0q50gaclsk4s0qg17', 1353415549, 1209600, 'site|a:1:{s:8:"language";a:4:{s:11:"language_id";s:1:"1";s:4:"name";s:14:"Русский";s:4:"code";s:2:"ru";s:6:"locale";s:11:"ru_RU.UTF-8";}}'),
('sascih0a9fj6a0toc2fon2ppf2', 1353342541, 1209600, 'site|a:1:{s:8:"language";a:4:{s:11:"language_id";s:1:"1";s:4:"name";s:14:"Русский";s:4:"code";s:2:"ru";s:6:"locale";s:11:"ru_RU.UTF-8";}}__ZF|a:1:{s:50:"Zend_Form_Captcha_b58c2f443751a9f9ab523d9d82483433";a:2:{s:4:"ENNH";i:1;s:3:"ENT";i:1353342841;}}Zend_Form_Captcha_b58c2f443751a9f9ab523d9d82483433|a:1:{s:4:"word";s:6:"jupux2";}'),
('s8k2do6jgrh21i9ea7q7821uk3', 1353345059, 1209600, 'site|a:1:{s:8:"language";a:4:{s:11:"language_id";s:1:"1";s:4:"name";s:14:"Русский";s:4:"code";s:2:"ru";s:6:"locale";s:11:"ru_RU.UTF-8";}}'),
('i3b9a6orqon4o9t04u31sjfll0', 1353346549, 1209600, 'site|a:1:{s:8:"language";a:4:{s:11:"language_id";s:1:"1";s:4:"name";s:14:"Русский";s:4:"code";s:2:"ru";s:6:"locale";s:11:"ru_RU.UTF-8";}}'),
('mh2ml0qpnssgoktl7t2mja4bn2', 1353348660, 1209600, 'site|a:1:{s:8:"language";a:4:{s:11:"language_id";s:1:"1";s:4:"name";s:14:"Русский";s:4:"code";s:2:"ru";s:6:"locale";s:11:"ru_RU.UTF-8";}}'),
('7u3qil334adfhj97usfoiddba3', 1353348660, 1209600, 'site|a:1:{s:8:"language";a:4:{s:11:"language_id";s:1:"1";s:4:"name";s:14:"Русский";s:4:"code";s:2:"ru";s:6:"locale";s:11:"ru_RU.UTF-8";}}'),
('o5387bt2btftv3p9kuuhtavtr6', 1353348660, 1209600, 'site|a:1:{s:8:"language";a:4:{s:11:"language_id";s:1:"1";s:4:"name";s:14:"Русский";s:4:"code";s:2:"ru";s:6:"locale";s:11:"ru_RU.UTF-8";}}'),
('m86kg4neavvq3jtlo8r0o8trq4', 1353355063, 1209600, 'site|a:1:{s:8:"language";a:4:{s:11:"language_id";s:1:"1";s:4:"name";s:14:"Русский";s:4:"code";s:2:"ru";s:6:"locale";s:11:"ru_RU.UTF-8";}}'),
('6l055bbkjntr3pq098f1lmi0m6', 1353357452, 1209600, 'site|a:1:{s:8:"language";a:4:{s:11:"language_id";s:1:"1";s:4:"name";s:14:"Русский";s:4:"code";s:2:"ru";s:6:"locale";s:11:"ru_RU.UTF-8";}}'),
('of95om85amap6s7086oi8hd5s3', 1353357459, 1209600, 'site|a:1:{s:8:"language";a:4:{s:11:"language_id";s:1:"1";s:4:"name";s:14:"Русский";s:4:"code";s:2:"ru";s:6:"locale";s:11:"ru_RU.UTF-8";}}'),
('2t3idf1jj4ql4r007fg6r0egq6', 1353365298, 1209600, 'site|a:1:{s:8:"language";a:4:{s:11:"language_id";s:1:"1";s:4:"name";s:14:"Русский";s:4:"code";s:2:"ru";s:6:"locale";s:11:"ru_RU.UTF-8";}}'),
('io668pvtcli1mrnqajge9homs1', 1353365298, 1209600, 'site|a:1:{s:8:"language";a:4:{s:11:"language_id";s:1:"1";s:4:"name";s:14:"Русский";s:4:"code";s:2:"ru";s:6:"locale";s:11:"ru_RU.UTF-8";}}'),
('54g188353dgrc3s66ssg6fbvj1', 1353370421, 1209600, 'site|a:1:{s:8:"language";a:4:{s:11:"language_id";s:1:"1";s:4:"name";s:14:"Русский";s:4:"code";s:2:"ru";s:6:"locale";s:11:"ru_RU.UTF-8";}}'),
('43vfvn8uf75mfcigethop5fln7', 1353370663, 1209600, 'site|a:1:{s:8:"language";a:4:{s:11:"language_id";s:1:"1";s:4:"name";s:14:"Русский";s:4:"code";s:2:"ru";s:6:"locale";s:11:"ru_RU.UTF-8";}}'),
('7ik20qgagciq0ba5ndik6bmgo2', 1353371436, 1209600, 'site|a:1:{s:8:"language";a:4:{s:11:"language_id";s:1:"1";s:4:"name";s:14:"Русский";s:4:"code";s:2:"ru";s:6:"locale";s:11:"ru_RU.UTF-8";}}'),
('f6gk9sbe63j0a3qslssakdf2s1', 1353374917, 1209600, 'site|a:1:{s:8:"language";a:4:{s:11:"language_id";s:1:"1";s:4:"name";s:14:"Русский";s:4:"code";s:2:"ru";s:6:"locale";s:11:"ru_RU.UTF-8";}}__ZF|a:1:{s:50:"Zend_Form_Captcha_2760b32e3d688a802869e02cd17f3f9a";a:2:{s:4:"ENNH";i:1;s:3:"ENT";i:1353375217;}}Zend_Form_Captcha_2760b32e3d688a802869e02cd17f3f9a|a:1:{s:4:"word";s:6:"9og2hu";}'),
('ttc1r15foaegv9j0mm7j8ecm46', 1353374905, 1209600, 'site|a:1:{s:8:"language";a:4:{s:11:"language_id";s:1:"1";s:4:"name";s:14:"Русский";s:4:"code";s:2:"ru";s:6:"locale";s:11:"ru_RU.UTF-8";}}'),
('5tit58qjjuanco6k85miekba87', 1353374906, 1209600, 'site|a:1:{s:8:"language";a:4:{s:11:"language_id";s:1:"1";s:4:"name";s:14:"Русский";s:4:"code";s:2:"ru";s:6:"locale";s:11:"ru_RU.UTF-8";}}'),
('82g42d14lk7na42dca5897keb5', 1353376441, 1209600, 'site|a:1:{s:8:"language";a:4:{s:11:"language_id";s:1:"1";s:4:"name";s:14:"Русский";s:4:"code";s:2:"ru";s:6:"locale";s:11:"ru_RU.UTF-8";}}'),
('jvoov98tshhrh7a6r0ikbcuer2', 1353376449, 1209600, 'site|a:1:{s:8:"language";a:4:{s:11:"language_id";s:1:"1";s:4:"name";s:14:"Русский";s:4:"code";s:2:"ru";s:6:"locale";s:11:"ru_RU.UTF-8";}}'),
('mmv8gpfm911t14fahnkrl1a4j3', 1353376650, 1209600, 'site|a:1:{s:8:"language";a:4:{s:11:"language_id";s:1:"1";s:4:"name";s:14:"Русский";s:4:"code";s:2:"ru";s:6:"locale";s:11:"ru_RU.UTF-8";}}'),
('aq2gkfposima7ehe1l9m0cbmp4', 1353382539, 1209600, 'site|a:1:{s:8:"language";a:4:{s:11:"language_id";s:1:"1";s:4:"name";s:14:"Русский";s:4:"code";s:2:"ru";s:6:"locale";s:11:"ru_RU.UTF-8";}}'),
('5uggjnnnmjvlnk7hoibamicjj4', 1353384490, 1209600, 'site|a:1:{s:8:"language";a:4:{s:11:"language_id";s:1:"1";s:4:"name";s:14:"Русский";s:4:"code";s:2:"ru";s:6:"locale";s:11:"ru_RU.UTF-8";}}'),
('uv9fl53vv3ar8tvmq52eo1av97', 1353385568, 1209600, 'site|a:1:{s:8:"language";a:4:{s:11:"language_id";s:1:"1";s:4:"name";s:14:"Русский";s:4:"code";s:2:"ru";s:6:"locale";s:11:"ru_RU.UTF-8";}}'),
('l7piars31a23m42ribav4oc6o1', 1353423773, 1209600, 'site|a:2:{s:8:"language";a:4:{s:11:"language_id";s:1:"3";s:4:"name";s:6:"中文";s:4:"code";s:2:"zh";s:6:"locale";s:5:"zh_CN";}s:7:"storage";O:8:"stdClass":24:{s:7:"user_id";s:2:"52";s:4:"name";s:4:"wang";s:6:"status";s:1:"1";s:5:"email";s:26:"hitjuchangbin@yahoo.com.cn";s:5:"image";s:29:"users/0452632001353121553.jpg";s:13:"register_date";s:19:"2012-11-17 06:50:42";s:6:"is_man";s:1:"1";s:5:"block";s:1:"0";s:5:"step1";s:1:"1";s:5:"step2";s:1:"1";s:5:"step3";s:1:"1";s:8:"lastname";s:5:"ceshi";s:8:"name_eng";s:4:"wang";s:12:"lastname_eng";s:5:"ceshi";s:9:"telephone";s:11:"15201056286";s:5:"skype";s:8:"01056286";s:4:"city";s:0:"";s:10:"birth_date";s:10:"1982-02-03";s:6:"height";s:3:"178";s:6:"weight";N;s:4:"home";s:1:"1";s:6:"childs";s:1:"0";s:12:"notification";s:1:"0";s:20:"notification_in_days";s:1:"0";}}'),
('tni8opjj8f4qrno0q82t348ra6', 1353386149, 1209600, 'site|a:1:{s:8:"language";a:4:{s:11:"language_id";s:1:"1";s:4:"name";s:14:"Русский";s:4:"code";s:2:"ru";s:6:"locale";s:11:"ru_RU.UTF-8";}}'),
('vnrpmqs2ns7dbbaakqu6fqt5m0', 1353386150, 1209600, 'site|a:1:{s:8:"language";a:4:{s:11:"language_id";s:1:"1";s:4:"name";s:14:"Русский";s:4:"code";s:2:"ru";s:6:"locale";s:11:"ru_RU.UTF-8";}}'),
('8qvalsrv4nafc5t0b4of74n3s4', 1353386784, 1209600, 'site|a:1:{s:8:"language";a:4:{s:11:"language_id";s:1:"3";s:4:"name";s:6:"中文";s:4:"code";s:2:"zh";s:6:"locale";s:5:"zh_CN";}}'),
('scb0277v15rh3h8a9ve734ugp6', 1353386832, 1209600, 'site|a:1:{s:8:"language";a:4:{s:11:"language_id";s:1:"1";s:4:"name";s:14:"Русский";s:4:"code";s:2:"ru";s:6:"locale";s:11:"ru_RU.UTF-8";}}'),
('4j3n60ckn13f5vvp6dotjbiin6', 1353386836, 1209600, 'site|a:1:{s:8:"language";a:4:{s:11:"language_id";s:1:"1";s:4:"name";s:14:"Русский";s:4:"code";s:2:"ru";s:6:"locale";s:11:"ru_RU.UTF-8";}}'),
('c22scs876h7gn6s2go1ehheab7', 1353389581, 1209600, 'site|a:1:{s:8:"language";a:4:{s:11:"language_id";s:1:"1";s:4:"name";s:14:"Русский";s:4:"code";s:2:"ru";s:6:"locale";s:11:"ru_RU.UTF-8";}}'),
('q2h9j2thmhhk021dobn8a21g91', 1353386850, 1209600, 'site|a:1:{s:8:"language";a:4:{s:11:"language_id";s:1:"1";s:4:"name";s:14:"Русский";s:4:"code";s:2:"ru";s:6:"locale";s:11:"ru_RU.UTF-8";}}'),
('1geda9s9eg64ihkafugc4i6ti3', 1353387047, 1209600, 'site|a:1:{s:8:"language";a:4:{s:11:"language_id";s:1:"1";s:4:"name";s:14:"Русский";s:4:"code";s:2:"ru";s:6:"locale";s:11:"ru_RU.UTF-8";}}'),
('j91eomjf4k0pi0kbdan6qjph43', 1353387048, 1209600, 'site|a:1:{s:8:"language";a:4:{s:11:"language_id";s:1:"1";s:4:"name";s:14:"Русский";s:4:"code";s:2:"ru";s:6:"locale";s:11:"ru_RU.UTF-8";}}'),
('t49k6429se2094buahkubdnh01', 1353387243, 1209600, 'site|a:1:{s:8:"language";a:4:{s:11:"language_id";s:1:"1";s:4:"name";s:14:"Русский";s:4:"code";s:2:"ru";s:6:"locale";s:11:"ru_RU.UTF-8";}}'),
('s9amlnpsnb969etie5ckmf2v73', 1353387368, 1209600, 'site|a:1:{s:8:"language";a:4:{s:11:"language_id";s:1:"1";s:4:"name";s:14:"Русский";s:4:"code";s:2:"ru";s:6:"locale";s:11:"ru_RU.UTF-8";}}'),
('4b6k46je21dqdocm1u1o2ns0n7', 1353390769, 1209600, 'site|a:1:{s:8:"language";a:4:{s:11:"language_id";s:1:"1";s:4:"name";s:14:"Русский";s:4:"code";s:2:"ru";s:6:"locale";s:11:"ru_RU.UTF-8";}}'),
('sei34ph67j6a27o36f1js3fos4', 1353390972, 1209600, 'site|a:1:{s:8:"language";a:4:{s:11:"language_id";s:1:"1";s:4:"name";s:14:"Русский";s:4:"code";s:2:"ru";s:6:"locale";s:11:"ru_RU.UTF-8";}}'),
('28ni651hsuep5sgaj8kmcj1mr4', 1353391551, 1209600, 'site|a:1:{s:8:"language";a:4:{s:11:"language_id";s:1:"1";s:4:"name";s:14:"Русский";s:4:"code";s:2:"ru";s:6:"locale";s:11:"ru_RU.UTF-8";}}'),
('82qo32bkjpt9pmmers4t2vsf53', 1353391551, 1209600, 'site|a:1:{s:8:"language";a:4:{s:11:"language_id";s:1:"1";s:4:"name";s:14:"Русский";s:4:"code";s:2:"ru";s:6:"locale";s:11:"ru_RU.UTF-8";}}'),
('m2mv1o60s5071vj0gfqqf29tv0', 1353395820, 1209600, 'site|a:1:{s:8:"language";a:4:{s:11:"language_id";s:1:"1";s:4:"name";s:14:"Русский";s:4:"code";s:2:"ru";s:6:"locale";s:11:"ru_RU.UTF-8";}}__ZF|a:2:{s:50:"Zend_Form_Captcha_72027922354422847eb7e6a2e1076234";a:2:{s:4:"ENNH";i:1;s:3:"ENT";i:1353396080;}s:50:"Zend_Form_Captcha_4fc92c4876e66887e794cbdd71bf084d";a:2:{s:4:"ENNH";i:1;s:3:"ENT";i:1353396080;}}Zend_Form_Captcha_72027922354422847eb7e6a2e1076234|a:1:{s:4:"word";N;}Zend_Form_Captcha_4fc92c4876e66887e794cbdd71bf084d|a:1:{s:4:"word";s:6:"z45ew8";}'),
('icjitvsffqqeu13eqop75kipk4', 1353395921, 1209600, 'site|a:1:{s:8:"language";a:4:{s:11:"language_id";s:1:"1";s:4:"name";s:14:"Русский";s:4:"code";s:2:"ru";s:6:"locale";s:11:"ru_RU.UTF-8";}}'),
('ppjpn5c6i6v1lfotv21p3qek64', 1353397568, 1209600, 'site|a:1:{s:8:"language";a:4:{s:11:"language_id";s:1:"1";s:4:"name";s:14:"Русский";s:4:"code";s:2:"ru";s:6:"locale";s:11:"ru_RU.UTF-8";}}'),
('qu22d1tqiudb3ggqfaaatja2o7', 1353397952, 1209600, 'site|a:1:{s:8:"language";a:4:{s:11:"language_id";s:1:"1";s:4:"name";s:14:"Русский";s:4:"code";s:2:"ru";s:6:"locale";s:11:"ru_RU.UTF-8";}}'),
('okieg4e0g648072kto42jfkuo7', 1353397953, 1209600, 'site|a:1:{s:8:"language";a:4:{s:11:"language_id";s:1:"1";s:4:"name";s:14:"Русский";s:4:"code";s:2:"ru";s:6:"locale";s:11:"ru_RU.UTF-8";}}'),
('eb3saunbukgoh55mns0s8puiu1', 1353399941, 1209600, 'site|a:1:{s:8:"language";a:4:{s:11:"language_id";s:1:"1";s:4:"name";s:14:"Русский";s:4:"code";s:2:"ru";s:6:"locale";s:11:"ru_RU.UTF-8";}}'),
('auno3ib91m8ncik9u42i0nfit3', 1353401849, 1209600, 'site|a:1:{s:8:"language";a:4:{s:11:"language_id";s:1:"1";s:4:"name";s:14:"Русский";s:4:"code";s:2:"ru";s:6:"locale";s:11:"ru_RU.UTF-8";}}'),
('hd71sschucb951bon0um3hsk85', 1353402529, 1209600, 'site|a:1:{s:8:"language";a:4:{s:11:"language_id";s:1:"1";s:4:"name";s:14:"Русский";s:4:"code";s:2:"ru";s:6:"locale";s:11:"ru_RU.UTF-8";}}__ZF|a:1:{s:50:"Zend_Form_Captcha_cb3f3484bc115df01df1e633e8f7f231";a:2:{s:4:"ENNH";i:1;s:3:"ENT";i:1353402829;}}Zend_Form_Captcha_cb3f3484bc115df01df1e633e8f7f231|a:1:{s:4:"word";s:6:"f8ro53";}'),
('d7devgj99ir6hq7uir0he7va01', 1353525332, 1209600, 'site|a:2:{s:8:"language";a:4:{s:11:"language_id";s:1:"1";s:4:"name";s:14:"Русский";s:4:"code";s:2:"ru";s:6:"locale";s:11:"ru_RU.UTF-8";}s:7:"storage";O:8:"stdClass":24:{s:7:"user_id";s:2:"44";s:4:"name";s:4:"Ivan";s:6:"status";s:1:"1";s:5:"email";s:14:"merx40@mail.ru";s:5:"image";s:29:"users/0549072001352108154.png";s:13:"register_date";s:19:"2012-10-27 00:40:54";s:6:"is_man";s:1:"1";s:5:"block";s:1:"0";s:5:"step1";s:1:"1";s:5:"step2";s:1:"1";s:5:"step3";s:1:"1";s:8:"lastname";s:6:"Ivanov";s:8:"name_eng";s:4:"Ivan";s:12:"lastname_eng";s:6:"Ivanov";s:9:"telephone";s:5:"77888";s:5:"skype";s:4:"hhjj";s:4:"city";s:0:"";s:10:"birth_date";s:10:"1977-02-19";s:6:"height";s:3:"170";s:6:"weight";s:0:"";s:4:"home";s:1:"1";s:6:"childs";s:1:"1";s:12:"notification";s:1:"1";s:20:"notification_in_days";s:1:"1";}}'),
('ecljibre8ibkvms0p02o1uopt4', 1353404354, 1209600, 'site|a:1:{s:8:"language";a:4:{s:11:"language_id";s:1:"1";s:4:"name";s:14:"Русский";s:4:"code";s:2:"ru";s:6:"locale";s:11:"ru_RU.UTF-8";}}'),
('k744h4e8fhivcrq8r8393dk8k1', 1353404354, 1209600, 'site|a:1:{s:8:"language";a:4:{s:11:"language_id";s:1:"1";s:4:"name";s:14:"Русский";s:4:"code";s:2:"ru";s:6:"locale";s:11:"ru_RU.UTF-8";}}'),
('lvtulpubafoc0kiuvcuh610fv4', 1353404545, 1209600, 'site|a:1:{s:8:"language";a:4:{s:11:"language_id";s:1:"1";s:4:"name";s:14:"Русский";s:4:"code";s:2:"ru";s:6:"locale";s:11:"ru_RU.UTF-8";}}'),
('lkmj9m1kf148fmf40o93dpd6t5', 1353406242, 1209600, 'site|a:1:{s:8:"language";a:4:{s:11:"language_id";s:1:"1";s:4:"name";s:14:"Русский";s:4:"code";s:2:"ru";s:6:"locale";s:11:"ru_RU.UTF-8";}}'),
('essu0mcnth7omojik6ikug21k4', 1353418550, 1209600, 'site|a:1:{s:8:"language";a:4:{s:11:"language_id";s:1:"1";s:4:"name";s:14:"Русский";s:4:"code";s:2:"ru";s:6:"locale";s:11:"ru_RU.UTF-8";}}'),
('qci4o1ebgdd0gslv3fpu47hlo6', 1353408875, 1209600, 'site|a:1:{s:8:"language";a:4:{s:11:"language_id";s:1:"1";s:4:"name";s:14:"Русский";s:4:"code";s:2:"ru";s:6:"locale";s:11:"ru_RU.UTF-8";}}'),
('74odo3sjuri3quu2ijv8p6eh47', 1353408986, 1209600, 'site|a:1:{s:8:"language";a:4:{s:11:"language_id";s:1:"1";s:4:"name";s:14:"Русский";s:4:"code";s:2:"ru";s:6:"locale";s:11:"ru_RU.UTF-8";}}__ZF|a:1:{s:50:"Zend_Form_Captcha_01bbf491f7ba82f57aae66429c3c9cec";a:2:{s:4:"ENNH";i:1;s:3:"ENT";i:1353409286;}}Zend_Form_Captcha_01bbf491f7ba82f57aae66429c3c9cec|a:1:{s:4:"word";s:6:"q9huw5";}'),
('pbd68ed4rbm34hef3ckoafgd55', 1353408937, 1209600, 'site|a:1:{s:8:"language";a:4:{s:11:"language_id";s:1:"1";s:4:"name";s:14:"Русский";s:4:"code";s:2:"ru";s:6:"locale";s:11:"ru_RU.UTF-8";}}'),
('8lj1kaqhblnq2hqmk5m7tcot44', 1353410955, 1209600, 'site|a:1:{s:8:"language";a:4:{s:11:"language_id";s:1:"1";s:4:"name";s:14:"Русский";s:4:"code";s:2:"ru";s:6:"locale";s:11:"ru_RU.UTF-8";}}'),
('9ffph0dm4gojtfefbr67ppc7p3', 1353414300, 1209600, 'site|a:1:{s:8:"language";a:4:{s:11:"language_id";s:1:"1";s:4:"name";s:14:"Русский";s:4:"code";s:2:"ru";s:6:"locale";s:11:"ru_RU.UTF-8";}}__ZF|a:3:{s:50:"Zend_Form_Captcha_f234ef9635d504ed165895a77c1e4bc6";a:2:{s:4:"ENNH";i:1;s:3:"ENT";i:1353414560;}s:50:"Zend_Form_Captcha_5dc3edb4a1fb4f33aba3014ded9bc755";a:2:{s:4:"ENNH";i:1;s:3:"ENT";i:1353414560;}s:50:"Zend_Form_Captcha_ced631fe95bf6a9f3cd8f545d3abbe14";a:2:{s:4:"ENNH";i:1;s:3:"ENT";i:1353414581;}}Zend_Form_Captcha_f234ef9635d504ed165895a77c1e4bc6|a:1:{s:4:"word";s:6:"78dari";}Zend_Form_Captcha_5dc3edb4a1fb4f33aba3014ded9bc755|a:1:{s:4:"word";s:6:"c5vy99";}Zend_Form_Captcha_ced631fe95bf6a9f3cd8f545d3abbe14|a:1:{s:4:"word";s:6:"ge7iwe";}'),
('j7b2nur44pivld3t8nuu6g3c02', 1353411780, 1209600, 'site|a:1:{s:8:"language";a:4:{s:11:"language_id";s:1:"1";s:4:"name";s:14:"Русский";s:4:"code";s:2:"ru";s:6:"locale";s:11:"ru_RU.UTF-8";}}'),
('a59kpnim0e0hpm6qmjsg5ilcj6', 1353414555, 1209600, 'site|a:1:{s:8:"language";a:4:{s:11:"language_id";s:1:"1";s:4:"name";s:14:"Русский";s:4:"code";s:2:"ru";s:6:"locale";s:11:"ru_RU.UTF-8";}}'),
('5kgfm09iail2hhcsvj0r6tutf2', 1353414574, 1209600, 'site|a:1:{s:8:"language";a:4:{s:11:"language_id";s:1:"1";s:4:"name";s:14:"Русский";s:4:"code";s:2:"ru";s:6:"locale";s:11:"ru_RU.UTF-8";}}'),
('5b400pkbmb88rmb2h7h7lkmlu5', 1353414926, 1209600, 'site|a:1:{s:8:"language";a:4:{s:11:"language_id";s:1:"1";s:4:"name";s:14:"Русский";s:4:"code";s:2:"ru";s:6:"locale";s:11:"ru_RU.UTF-8";}}'),
('78bilj0957f1l3i9nsilksk3n4', 1353414926, 1209600, 'site|a:1:{s:8:"language";a:4:{s:11:"language_id";s:1:"1";s:4:"name";s:14:"Русский";s:4:"code";s:2:"ru";s:6:"locale";s:11:"ru_RU.UTF-8";}}'),
('g0ds3rpum2ms1fq6ba79flt5a6', 1353414926, 1209600, 'site|a:1:{s:8:"language";a:4:{s:11:"language_id";s:1:"1";s:4:"name";s:14:"Русский";s:4:"code";s:2:"ru";s:6:"locale";s:11:"ru_RU.UTF-8";}}'),
('b8c91r3jtir65bd4hg5t2n6kj4', 1353415190, 1209600, 'site|a:1:{s:8:"language";a:4:{s:11:"language_id";s:1:"1";s:4:"name";s:14:"Русский";s:4:"code";s:2:"ru";s:6:"locale";s:11:"ru_RU.UTF-8";}}'),
('4e3q30tnp13hn6stg8vtdb25i2', 1353415191, 1209600, 'site|a:1:{s:8:"language";a:4:{s:11:"language_id";s:1:"1";s:4:"name";s:14:"Русский";s:4:"code";s:2:"ru";s:6:"locale";s:11:"ru_RU.UTF-8";}}'),
('4pgpug18pah3g171k0rj78tlc5', 1353415253, 1209600, 'site|a:1:{s:8:"language";a:4:{s:11:"language_id";s:1:"1";s:4:"name";s:14:"Русский";s:4:"code";s:2:"ru";s:6:"locale";s:11:"ru_RU.UTF-8";}}'),
('805ud5nanc8j7mi7tt5niag623', 1353415341, 1209600, 'site|a:1:{s:8:"language";a:4:{s:11:"language_id";s:1:"1";s:4:"name";s:14:"Русский";s:4:"code";s:2:"ru";s:6:"locale";s:11:"ru_RU.UTF-8";}}'),
('4muerh37qeeknbih892om2vuo6', 1353415341, 1209600, 'site|a:1:{s:8:"language";a:4:{s:11:"language_id";s:1:"1";s:4:"name";s:14:"Русский";s:4:"code";s:2:"ru";s:6:"locale";s:11:"ru_RU.UTF-8";}}'),
('vvlv87o729j1dfcmlrd6hlqaf3', 1353415423, 1209600, 'site|a:1:{s:8:"language";a:4:{s:11:"language_id";s:1:"1";s:4:"name";s:14:"Русский";s:4:"code";s:2:"ru";s:6:"locale";s:11:"ru_RU.UTF-8";}}'),
('3emoppl3s13vupl2otkajt0h22', 1353415511, 1209600, 'site|a:1:{s:8:"language";a:4:{s:11:"language_id";s:1:"1";s:4:"name";s:14:"Русский";s:4:"code";s:2:"ru";s:6:"locale";s:11:"ru_RU.UTF-8";}}'),
('dhma8t1cjria2bo0cp3qm0ts53', 1353415610, 1209600, 'site|a:1:{s:8:"language";a:4:{s:11:"language_id";s:1:"1";s:4:"name";s:14:"Русский";s:4:"code";s:2:"ru";s:6:"locale";s:11:"ru_RU.UTF-8";}}'),
('or7hq88h2dio5tmrntqgdqdpq7', 1353415992, 1209600, 'site|a:1:{s:8:"language";a:4:{s:11:"language_id";s:1:"1";s:4:"name";s:14:"Русский";s:4:"code";s:2:"ru";s:6:"locale";s:11:"ru_RU.UTF-8";}}'),
('i9onb0un018fle83f2ah9mlki3', 1353416373, 1209600, 'site|a:1:{s:8:"language";a:4:{s:11:"language_id";s:1:"1";s:4:"name";s:14:"Русский";s:4:"code";s:2:"ru";s:6:"locale";s:11:"ru_RU.UTF-8";}}'),
('imeb9li81jolgrijjbkushrht4', 1353417127, 1209600, 'site|a:1:{s:8:"language";a:4:{s:11:"language_id";s:1:"1";s:4:"name";s:14:"Русский";s:4:"code";s:2:"ru";s:6:"locale";s:11:"ru_RU.UTF-8";}}'),
('3nk6jko48bbt9u742huqvj6f55', 1353423791, 1209600, 'site|a:2:{s:8:"language";a:4:{s:11:"language_id";s:1:"3";s:4:"name";s:6:"中文";s:4:"code";s:2:"zh";s:6:"locale";s:5:"zh_CN";}s:7:"storage";O:8:"stdClass":24:{s:7:"user_id";s:2:"52";s:4:"name";s:4:"wang";s:6:"status";s:1:"1";s:5:"email";s:26:"hitjuchangbin@yahoo.com.cn";s:5:"image";s:29:"users/0452632001353121553.jpg";s:13:"register_date";s:19:"2012-11-17 06:50:42";s:6:"is_man";s:1:"1";s:5:"block";s:1:"0";s:5:"step1";s:1:"1";s:5:"step2";s:1:"1";s:5:"step3";s:1:"1";s:8:"lastname";s:5:"ceshi";s:8:"name_eng";s:4:"wang";s:12:"lastname_eng";s:5:"ceshi";s:9:"telephone";s:11:"15201056286";s:5:"skype";s:8:"01056286";s:4:"city";s:0:"";s:10:"birth_date";s:10:"1982-02-03";s:6:"height";s:3:"178";s:6:"weight";N;s:4:"home";s:1:"1";s:6:"childs";s:1:"0";s:12:"notification";s:1:"0";s:20:"notification_in_days";s:1:"0";}}'),
('5fe6mvskp3q73aob6i0bp6e2l1', 1353422903, 1209600, 'site|a:1:{s:8:"language";a:4:{s:11:"language_id";s:1:"1";s:4:"name";s:14:"Русский";s:4:"code";s:2:"ru";s:6:"locale";s:11:"ru_RU.UTF-8";}}'),
('5rg40tvln76u3jmq1rb6a5ou53', 1353422917, 1209600, 'site|a:1:{s:8:"language";a:4:{s:11:"language_id";s:1:"1";s:4:"name";s:14:"Русский";s:4:"code";s:2:"ru";s:6:"locale";s:11:"ru_RU.UTF-8";}}'),
('26jttid4p2m451uhvdmsu4aio1', 1353422959, 1209600, 'site|a:1:{s:8:"language";a:4:{s:11:"language_id";s:1:"1";s:4:"name";s:14:"Русский";s:4:"code";s:2:"ru";s:6:"locale";s:11:"ru_RU.UTF-8";}}'),
('1mcuenbk7mvo3c52m9foroo2o3', 1353424917, 1209600, 'site|a:1:{s:8:"language";a:4:{s:11:"language_id";s:1:"1";s:4:"name";s:14:"Русский";s:4:"code";s:2:"ru";s:6:"locale";s:11:"ru_RU.UTF-8";}}'),
('edv5mrhbgptq5rhgr19mp3i4k3', 1353424918, 1209600, 'site|a:1:{s:8:"language";a:4:{s:11:"language_id";s:1:"1";s:4:"name";s:14:"Русский";s:4:"code";s:2:"ru";s:6:"locale";s:11:"ru_RU.UTF-8";}}'),
('gdtevb35m8g8l2u80f156phlp0', 1353425039, 1209600, 'site|a:1:{s:8:"language";a:4:{s:11:"language_id";s:1:"1";s:4:"name";s:14:"Русский";s:4:"code";s:2:"ru";s:6:"locale";s:11:"ru_RU.UTF-8";}}'),
('ne8gs47nbhq67sbt837ql2lk63', 1353425097, 1209600, 'site|a:1:{s:8:"language";a:4:{s:11:"language_id";s:1:"1";s:4:"name";s:14:"Русский";s:4:"code";s:2:"ru";s:6:"locale";s:11:"ru_RU.UTF-8";}}'),
('oedpu63hmi3vm1a37nviqad411', 1353449482, 1209600, 'site|a:1:{s:8:"language";a:4:{s:11:"language_id";s:1:"1";s:4:"name";s:14:"Русский";s:4:"code";s:2:"ru";s:6:"locale";s:11:"ru_RU.UTF-8";}}'),
('fo8qfj75p89vkjsq7q6abj4oo1', 1353460340, 1209600, 'site|a:1:{s:8:"language";a:4:{s:11:"language_id";s:1:"1";s:4:"name";s:14:"Русский";s:4:"code";s:2:"ru";s:6:"locale";s:11:"ru_RU.UTF-8";}}'),
('sviden2jarrd9u6fg66c2ml3u5', 1353460369, 1209600, 'site|a:1:{s:8:"language";a:4:{s:11:"language_id";s:1:"1";s:4:"name";s:14:"Русский";s:4:"code";s:2:"ru";s:6:"locale";s:11:"ru_RU.UTF-8";}}'),
('mam2guocvglblso96ljgfmbts4', 1353461299, 1209600, 'site|a:1:{s:8:"language";a:4:{s:11:"language_id";s:1:"1";s:4:"name";s:14:"Русский";s:4:"code";s:2:"ru";s:6:"locale";s:11:"ru_RU.UTF-8";}}'),
('7bpvuh16h4tc0m718nbdigusb7', 1353462140, 1209600, 'site|a:1:{s:8:"language";a:4:{s:11:"language_id";s:1:"1";s:4:"name";s:14:"Русский";s:4:"code";s:2:"ru";s:6:"locale";s:11:"ru_RU.UTF-8";}}'),
('dmpdr070oqiaq1dsj5mjvhi371', 1353467064, 1209600, 'site|a:1:{s:8:"language";a:4:{s:11:"language_id";s:1:"1";s:4:"name";s:14:"Русский";s:4:"code";s:2:"ru";s:6:"locale";s:11:"ru_RU.UTF-8";}}'),
('gvqa46smcbghgehdba4bl1ae80', 1353467065, 1209600, 'site|a:1:{s:8:"language";a:4:{s:11:"language_id";s:1:"1";s:4:"name";s:14:"Русский";s:4:"code";s:2:"ru";s:6:"locale";s:11:"ru_RU.UTF-8";}}');
INSERT INTO `sessions` (`session_id`, `modified`, `lifetime`, `data`) VALUES
('b0s0k8bf1jlf540pbt8pmvel77', 1353467212, 1209600, 'site|a:1:{s:8:"language";a:4:{s:11:"language_id";s:1:"1";s:4:"name";s:14:"Русский";s:4:"code";s:2:"ru";s:6:"locale";s:11:"ru_RU.UTF-8";}}'),
('k0uid2h1687c17apn4udftel71', 1353467238, 1209600, 'site|a:1:{s:8:"language";a:4:{s:11:"language_id";s:1:"1";s:4:"name";s:14:"Русский";s:4:"code";s:2:"ru";s:6:"locale";s:11:"ru_RU.UTF-8";}}'),
('cg4guc76e5kk39mtkqktfn1ip3', 1353468075, 1209600, 'site|a:1:{s:8:"language";a:4:{s:11:"language_id";s:1:"1";s:4:"name";s:14:"Русский";s:4:"code";s:2:"ru";s:6:"locale";s:11:"ru_RU.UTF-8";}}'),
('kiph6p63q1vo9h56olbgacuet3', 1353470286, 1209600, 'site|a:1:{s:8:"language";a:4:{s:11:"language_id";s:1:"1";s:4:"name";s:14:"Русский";s:4:"code";s:2:"ru";s:6:"locale";s:11:"ru_RU.UTF-8";}}'),
('7i5ffo70ggfk8nhqe5oeaepq51', 1353470713, 1209600, 'site|a:1:{s:8:"language";a:4:{s:11:"language_id";s:1:"1";s:4:"name";s:14:"Русский";s:4:"code";s:2:"ru";s:6:"locale";s:11:"ru_RU.UTF-8";}}'),
('42287kb0g79ipvbg90ke0tr6p3', 1353470713, 1209600, 'site|a:1:{s:8:"language";a:4:{s:11:"language_id";s:1:"1";s:4:"name";s:14:"Русский";s:4:"code";s:2:"ru";s:6:"locale";s:11:"ru_RU.UTF-8";}}'),
('8u47fduleclkeblo0agkmkm7h5', 1353472639, 1209600, 'site|a:1:{s:8:"language";a:4:{s:11:"language_id";s:1:"1";s:4:"name";s:14:"Русский";s:4:"code";s:2:"ru";s:6:"locale";s:11:"ru_RU.UTF-8";}}'),
('6e4u4em9qmbld9geaqhmi5spt0', 1353473273, 1209600, 'site|a:1:{s:8:"language";a:4:{s:11:"language_id";s:1:"1";s:4:"name";s:14:"Русский";s:4:"code";s:2:"ru";s:6:"locale";s:11:"ru_RU.UTF-8";}}'),
('lbk6ud05sjst00vjpa51341lc2', 1353474116, 1209600, 'site|a:1:{s:8:"language";a:4:{s:11:"language_id";s:1:"1";s:4:"name";s:14:"Русский";s:4:"code";s:2:"ru";s:6:"locale";s:11:"ru_RU.UTF-8";}}'),
('i2aeari4pgk9bdm1v8qos8qfi0', 1353474109, 1209600, 'site|a:1:{s:8:"language";a:4:{s:11:"language_id";s:1:"1";s:4:"name";s:14:"Русский";s:4:"code";s:2:"ru";s:6:"locale";s:11:"ru_RU.UTF-8";}}'),
('9r7507hbjtd6c163421t8vs5p6', 1353474110, 1209600, 'site|a:1:{s:8:"language";a:4:{s:11:"language_id";s:1:"1";s:4:"name";s:14:"Русский";s:4:"code";s:2:"ru";s:6:"locale";s:11:"ru_RU.UTF-8";}}'),
('q5tcbdnek3q4sg0kg9plkio9e1', 1353474422, 1209600, 'site|a:1:{s:8:"language";a:4:{s:11:"language_id";s:1:"1";s:4:"name";s:14:"Русский";s:4:"code";s:2:"ru";s:6:"locale";s:11:"ru_RU.UTF-8";}}'),
('kjjp01p8r03i65dve1n6h3qt31', 1353474442, 1209600, 'site|a:1:{s:8:"language";a:4:{s:11:"language_id";s:1:"1";s:4:"name";s:14:"Русский";s:4:"code";s:2:"ru";s:6:"locale";s:11:"ru_RU.UTF-8";}}'),
('rqhiivgejqc854lic9npd8ni94', 1353474541, 1209600, 'site|a:1:{s:8:"language";a:4:{s:11:"language_id";s:1:"1";s:4:"name";s:14:"Русский";s:4:"code";s:2:"ru";s:6:"locale";s:11:"ru_RU.UTF-8";}}'),
('lf9vj5alpajf2gufg2gf3lmjm2', 1353474542, 1209600, 'site|a:1:{s:8:"language";a:4:{s:11:"language_id";s:1:"1";s:4:"name";s:14:"Русский";s:4:"code";s:2:"ru";s:6:"locale";s:11:"ru_RU.UTF-8";}}'),
('ld9f2tuv6ss478r979g2n0mcn6', 1353475524, 1209600, 'site|a:1:{s:8:"language";a:4:{s:11:"language_id";s:1:"1";s:4:"name";s:14:"Русский";s:4:"code";s:2:"ru";s:6:"locale";s:11:"ru_RU.UTF-8";}}'),
('aimuaeosqngmfb2jo549voeno6', 1353475655, 1209600, 'site|a:1:{s:8:"language";a:4:{s:11:"language_id";s:1:"1";s:4:"name";s:14:"Русский";s:4:"code";s:2:"ru";s:6:"locale";s:11:"ru_RU.UTF-8";}}'),
('bokc43em2v83o9d73hvqh9tot2', 1353478033, 1209600, 'site|a:1:{s:8:"language";a:4:{s:11:"language_id";s:1:"1";s:4:"name";s:14:"Русский";s:4:"code";s:2:"ru";s:6:"locale";s:11:"ru_RU.UTF-8";}}'),
('84odfotltuo575pdrers8onin3', 1353478370, 1209600, 'site|a:1:{s:8:"language";a:4:{s:11:"language_id";s:1:"1";s:4:"name";s:14:"Русский";s:4:"code";s:2:"ru";s:6:"locale";s:11:"ru_RU.UTF-8";}}'),
('gear6l9ien33bp3q49c17hhn72', 1353478370, 1209600, 'site|a:1:{s:8:"language";a:4:{s:11:"language_id";s:1:"1";s:4:"name";s:14:"Русский";s:4:"code";s:2:"ru";s:6:"locale";s:11:"ru_RU.UTF-8";}}'),
('de43m54jdn6svd4v3sduertc76', 1353478573, 1209600, 'site|a:1:{s:8:"language";a:4:{s:11:"language_id";s:1:"1";s:4:"name";s:14:"Русский";s:4:"code";s:2:"ru";s:6:"locale";s:11:"ru_RU.UTF-8";}}'),
('jj63cauo621upe6a5c6s9qh4t3', 1353478574, 1209600, 'site|a:1:{s:8:"language";a:4:{s:11:"language_id";s:1:"1";s:4:"name";s:14:"Русский";s:4:"code";s:2:"ru";s:6:"locale";s:11:"ru_RU.UTF-8";}}'),
('ou50ri1rctuc9ura60nf3ja3l7', 1353478655, 1209600, 'site|a:1:{s:8:"language";a:4:{s:11:"language_id";s:1:"1";s:4:"name";s:14:"Русский";s:4:"code";s:2:"ru";s:6:"locale";s:11:"ru_RU.UTF-8";}}'),
('l429natuduqinkshs4r64fr6j7', 1353592286, 1209600, 'site|a:1:{s:8:"language";a:4:{s:11:"language_id";s:1:"1";s:4:"name";s:14:"Русский";s:4:"code";s:2:"ru";s:6:"locale";s:11:"ru_RU.UTF-8";}}'),
('l42ofjqcb4c3pbcjq53sk5ndc1', 1353620594, 1209600, 'site|a:1:{s:8:"language";a:4:{s:11:"language_id";s:1:"1";s:4:"name";s:14:"Русский";s:4:"code";s:2:"ru";s:6:"locale";s:11:"ru_RU.UTF-8";}}'),
('uehpvl8ug8454a1r3ot15kgvp1', 1353639324, 1209600, 'site|a:1:{s:8:"language";a:4:{s:11:"language_id";s:1:"1";s:4:"name";s:14:"Русский";s:4:"code";s:2:"ru";s:6:"locale";s:11:"ru_RU.UTF-8";}}'),
('k5stl7qt3tkichcl0q5q0qpue3', 1353639324, 1209600, 'site|a:1:{s:8:"language";a:4:{s:11:"language_id";s:1:"1";s:4:"name";s:14:"Русский";s:4:"code";s:2:"ru";s:6:"locale";s:11:"ru_RU.UTF-8";}}'),
('im8td2eorcm1jc7pc9uocb1155', 1353479040, 1209600, 'site|a:1:{s:8:"language";a:4:{s:11:"language_id";s:1:"1";s:4:"name";s:14:"Русский";s:4:"code";s:2:"ru";s:6:"locale";s:11:"ru_RU.UTF-8";}}'),
('g4lsarl93t2bdboas77a8lin43', 1353479987, 1209600, 'site|a:1:{s:8:"language";a:4:{s:11:"language_id";s:1:"1";s:4:"name";s:14:"Русский";s:4:"code";s:2:"ru";s:6:"locale";s:11:"ru_RU.UTF-8";}}'),
('bv0gr70h71oi66cikhj1ararh5', 1353480759, 1209600, 'site|a:1:{s:8:"language";a:4:{s:11:"language_id";s:1:"3";s:4:"name";s:6:"中文";s:4:"code";s:2:"zh";s:6:"locale";s:5:"zh_CN";}}__ZF|a:1:{s:50:"Zend_Form_Captcha_f2ec06cacfcda2b83f73c545e7568684";a:2:{s:4:"ENNH";i:1;s:3:"ENT";i:1353481028;}}Zend_Form_Captcha_f2ec06cacfcda2b83f73c545e7568684|a:1:{s:4:"word";s:6:"4aqax3";}'),
('044niekjcf4iuu0pua4t0o41t4', 1353481520, 1209600, 'site|a:1:{s:8:"language";a:4:{s:11:"language_id";s:1:"1";s:4:"name";s:14:"Русский";s:4:"code";s:2:"ru";s:6:"locale";s:11:"ru_RU.UTF-8";}}'),
('v4hsgbvnfqkl8k2r9bp2v8rki1', 1353482199, 1209600, 'site|a:1:{s:8:"language";a:4:{s:11:"language_id";s:1:"1";s:4:"name";s:14:"Русский";s:4:"code";s:2:"ru";s:6:"locale";s:11:"ru_RU.UTF-8";}}'),
('f0af731tmv3dt6ah5namvmtct3', 1353482199, 1209600, 'site|a:1:{s:8:"language";a:4:{s:11:"language_id";s:1:"1";s:4:"name";s:14:"Русский";s:4:"code";s:2:"ru";s:6:"locale";s:11:"ru_RU.UTF-8";}}'),
('7tq4bbg8qkoaggttfa1qbg4cn1', 1353482501, 1209600, 'site|a:1:{s:8:"language";a:4:{s:11:"language_id";s:1:"1";s:4:"name";s:14:"Русский";s:4:"code";s:2:"ru";s:6:"locale";s:11:"ru_RU.UTF-8";}}'),
('ku64kf5nkhie4l68qp52aodtj1', 1353483360, 1209600, 'site|a:1:{s:8:"language";a:4:{s:11:"language_id";s:1:"1";s:4:"name";s:14:"Русский";s:4:"code";s:2:"ru";s:6:"locale";s:11:"ru_RU.UTF-8";}}'),
('f1pp2qvknql3600dnt31du06c6', 1353486028, 1209600, 'site|a:1:{s:8:"language";a:4:{s:11:"language_id";s:1:"1";s:4:"name";s:14:"Русский";s:4:"code";s:2:"ru";s:6:"locale";s:11:"ru_RU.UTF-8";}}'),
('a4v4nj67irjm7oktr68mjlkjd0', 1353486028, 1209600, 'site|a:1:{s:8:"language";a:4:{s:11:"language_id";s:1:"1";s:4:"name";s:14:"Русский";s:4:"code";s:2:"ru";s:6:"locale";s:11:"ru_RU.UTF-8";}}'),
('7jatttk82fmpajfchs5ducv546', 1353488450, 1209600, 'site|a:1:{s:8:"language";a:4:{s:11:"language_id";s:1:"1";s:4:"name";s:14:"Русский";s:4:"code";s:2:"ru";s:6:"locale";s:11:"ru_RU.UTF-8";}}'),
('1f1q7v7p5e5bclhlj7tg8pd3a5', 1353488450, 1209600, 'site|a:1:{s:8:"language";a:4:{s:11:"language_id";s:1:"1";s:4:"name";s:14:"Русский";s:4:"code";s:2:"ru";s:6:"locale";s:11:"ru_RU.UTF-8";}}'),
('1ipsj5mjmvkj58edb0d1g5fep7', 1353488450, 1209600, 'site|a:1:{s:8:"language";a:4:{s:11:"language_id";s:1:"1";s:4:"name";s:14:"Русский";s:4:"code";s:2:"ru";s:6:"locale";s:11:"ru_RU.UTF-8";}}'),
('6ud9mqgkuaqcdbffq0vblip042', 1353489637, 1209600, 'site|a:1:{s:8:"language";a:4:{s:11:"language_id";s:1:"1";s:4:"name";s:14:"Русский";s:4:"code";s:2:"ru";s:6:"locale";s:11:"ru_RU.UTF-8";}}'),
('33ugsdeqr94mnn96end1avpcv0', 1353490160, 1209600, 'site|a:1:{s:8:"language";a:4:{s:11:"language_id";s:1:"1";s:4:"name";s:14:"Русский";s:4:"code";s:2:"ru";s:6:"locale";s:11:"ru_RU.UTF-8";}}'),
('8acmnhruibehqja7pobk0earh5', 1353490160, 1209600, 'site|a:1:{s:8:"language";a:4:{s:11:"language_id";s:1:"1";s:4:"name";s:14:"Русский";s:4:"code";s:2:"ru";s:6:"locale";s:11:"ru_RU.UTF-8";}}'),
('4a7hhtvfp4pce08el1j9ro6mq6', 1353490160, 1209600, 'site|a:1:{s:8:"language";a:4:{s:11:"language_id";s:1:"1";s:4:"name";s:14:"Русский";s:4:"code";s:2:"ru";s:6:"locale";s:11:"ru_RU.UTF-8";}}'),
('7m9feq8vofrp8nq8mf98h708r7', 1353491934, 1209600, 'site|a:1:{s:8:"language";a:4:{s:11:"language_id";s:1:"1";s:4:"name";s:14:"Русский";s:4:"code";s:2:"ru";s:6:"locale";s:11:"ru_RU.UTF-8";}}'),
('i9voc08nn2pum6g5ofcv46a727', 1353493060, 1209600, 'site|a:1:{s:8:"language";a:4:{s:11:"language_id";s:1:"1";s:4:"name";s:14:"Русский";s:4:"code";s:2:"ru";s:6:"locale";s:11:"ru_RU.UTF-8";}}'),
('9p07hcd24o9crbra7avkircmr7', 1353493061, 1209600, 'site|a:1:{s:8:"language";a:4:{s:11:"language_id";s:1:"1";s:4:"name";s:14:"Русский";s:4:"code";s:2:"ru";s:6:"locale";s:11:"ru_RU.UTF-8";}}'),
('5ps5d23dutp75adq82f9oo5nk3', 1353493746, 1209600, 'site|a:1:{s:8:"language";a:4:{s:11:"language_id";s:1:"1";s:4:"name";s:14:"Русский";s:4:"code";s:2:"ru";s:6:"locale";s:11:"ru_RU.UTF-8";}}'),
('sraen5h8eohugohpm4ps33une7', 1353495556, 1209600, 'site|a:1:{s:8:"language";a:4:{s:11:"language_id";s:1:"1";s:4:"name";s:14:"Русский";s:4:"code";s:2:"ru";s:6:"locale";s:11:"ru_RU.UTF-8";}}'),
('6ne4du4nbqu3ce8g7adll6k377', 1353495556, 1209600, 'site|a:1:{s:8:"language";a:4:{s:11:"language_id";s:1:"1";s:4:"name";s:14:"Русский";s:4:"code";s:2:"ru";s:6:"locale";s:11:"ru_RU.UTF-8";}}'),
('pt8p3e8j5b0lu68kagmmajbq40', 1353496023, 1209600, 'site|a:1:{s:8:"language";a:4:{s:11:"language_id";s:1:"1";s:4:"name";s:14:"Русский";s:4:"code";s:2:"ru";s:6:"locale";s:11:"ru_RU.UTF-8";}}'),
('kkhqksdr6k2jm3itb3coleqf26', 1353496091, 1209600, 'site|a:1:{s:8:"language";a:4:{s:11:"language_id";s:1:"1";s:4:"name";s:14:"Русский";s:4:"code";s:2:"ru";s:6:"locale";s:11:"ru_RU.UTF-8";}}'),
('eho50n96v702ta2o82qg0pneg4', 1353496097, 1209600, 'site|a:1:{s:8:"language";a:4:{s:11:"language_id";s:1:"1";s:4:"name";s:14:"Русский";s:4:"code";s:2:"ru";s:6:"locale";s:11:"ru_RU.UTF-8";}}'),
('n4pk2lcvae6eg8c7equf5r9e47', 1353496125, 1209600, 'site|a:1:{s:8:"language";a:4:{s:11:"language_id";s:1:"1";s:4:"name";s:14:"Русский";s:4:"code";s:2:"ru";s:6:"locale";s:11:"ru_RU.UTF-8";}}'),
('6huusrtiupq5mctnh9qvgqmd91', 1353496139, 1209600, 'site|a:1:{s:8:"language";a:4:{s:11:"language_id";s:1:"1";s:4:"name";s:14:"Русский";s:4:"code";s:2:"ru";s:6:"locale";s:11:"ru_RU.UTF-8";}}'),
('r6aoecjjoim7loj2j2d2o8vtp3', 1353497071, 1209600, 'site|a:1:{s:8:"language";a:4:{s:11:"language_id";s:1:"1";s:4:"name";s:14:"Русский";s:4:"code";s:2:"ru";s:6:"locale";s:11:"ru_RU.UTF-8";}}'),
('f1donvtart6v6abn9aqoljq510', 1353497072, 1209600, 'site|a:1:{s:8:"language";a:4:{s:11:"language_id";s:1:"1";s:4:"name";s:14:"Русский";s:4:"code";s:2:"ru";s:6:"locale";s:11:"ru_RU.UTF-8";}}'),
('em442r7p7utni31a8vftkc4sc0', 1353497072, 1209600, 'site|a:1:{s:8:"language";a:4:{s:11:"language_id";s:1:"1";s:4:"name";s:14:"Русский";s:4:"code";s:2:"ru";s:6:"locale";s:11:"ru_RU.UTF-8";}}'),
('l0n9t036r1mbnhdct246gvo160', 1353500092, 1209600, 'site|a:1:{s:8:"language";a:4:{s:11:"language_id";s:1:"1";s:4:"name";s:14:"Русский";s:4:"code";s:2:"ru";s:6:"locale";s:11:"ru_RU.UTF-8";}}'),
('lhsat0uhv8vclud65jc7633og7', 1353500092, 1209600, 'site|a:1:{s:8:"language";a:4:{s:11:"language_id";s:1:"1";s:4:"name";s:14:"Русский";s:4:"code";s:2:"ru";s:6:"locale";s:11:"ru_RU.UTF-8";}}'),
('i6lejt2nqddmoaa8li2lvm1ih5', 1353507343, 1209600, 'site|a:1:{s:8:"language";a:4:{s:11:"language_id";s:1:"1";s:4:"name";s:14:"Русский";s:4:"code";s:2:"ru";s:6:"locale";s:11:"ru_RU.UTF-8";}}'),
('1ugnd92i410mlr2bvs6umohi77', 1353507405, 1209600, 'site|a:1:{s:8:"language";a:4:{s:11:"language_id";s:1:"1";s:4:"name";s:14:"Русский";s:4:"code";s:2:"ru";s:6:"locale";s:11:"ru_RU.UTF-8";}}'),
('lclj217k780rg290m0ie7fp4b3', 1353509808, 1209600, 'site|a:1:{s:8:"language";a:4:{s:11:"language_id";s:1:"1";s:4:"name";s:14:"Русский";s:4:"code";s:2:"ru";s:6:"locale";s:11:"ru_RU.UTF-8";}}'),
('d63pavceh8rm9r9d1gjtqlivp5', 1353509809, 1209600, 'site|a:1:{s:8:"language";a:4:{s:11:"language_id";s:1:"1";s:4:"name";s:14:"Русский";s:4:"code";s:2:"ru";s:6:"locale";s:11:"ru_RU.UTF-8";}}'),
('dgm05d0eu3dknjcug01fg58kq5', 1353515698, 1209600, 'site|a:1:{s:8:"language";a:4:{s:11:"language_id";s:1:"1";s:4:"name";s:14:"Русский";s:4:"code";s:2:"ru";s:6:"locale";s:11:"ru_RU.UTF-8";}}'),
('6krh2coi2inqle8ej15h01qq77', 1353515940, 1209600, 'site|a:1:{s:8:"language";a:4:{s:11:"language_id";s:1:"1";s:4:"name";s:14:"Русский";s:4:"code";s:2:"ru";s:6:"locale";s:11:"ru_RU.UTF-8";}}'),
('e9t563f32g955hgkj892uqk1t1', 1353515941, 1209600, 'site|a:1:{s:8:"language";a:4:{s:11:"language_id";s:1:"1";s:4:"name";s:14:"Русский";s:4:"code";s:2:"ru";s:6:"locale";s:11:"ru_RU.UTF-8";}}'),
('o4dda1nd3iv7ke1ssrevpl07q3', 1353517061, 1209600, 'site|a:1:{s:8:"language";a:4:{s:11:"language_id";s:1:"1";s:4:"name";s:14:"Русский";s:4:"code";s:2:"ru";s:6:"locale";s:11:"ru_RU.UTF-8";}}'),
('h548i1cm0laorgp6b0c07cv507', 1353517062, 1209600, 'site|a:1:{s:8:"language";a:4:{s:11:"language_id";s:1:"1";s:4:"name";s:14:"Русский";s:4:"code";s:2:"ru";s:6:"locale";s:11:"ru_RU.UTF-8";}}'),
('38kaoskftuf4nrj8msngnqf551', 1353532586, 1209600, 'site|a:1:{s:8:"language";a:4:{s:11:"language_id";s:1:"1";s:4:"name";s:14:"Русский";s:4:"code";s:2:"ru";s:6:"locale";s:11:"ru_RU.UTF-8";}}'),
('64fjr2job13pd9lc3nojo52qv6', 1353532586, 1209600, 'site|a:1:{s:8:"language";a:4:{s:11:"language_id";s:1:"1";s:4:"name";s:14:"Русский";s:4:"code";s:2:"ru";s:6:"locale";s:11:"ru_RU.UTF-8";}}'),
('u4480q3nss694968qg2lb1ntq0', 1353536278, 1209600, 'site|a:1:{s:8:"language";a:4:{s:11:"language_id";s:1:"1";s:4:"name";s:14:"Русский";s:4:"code";s:2:"ru";s:6:"locale";s:11:"ru_RU.UTF-8";}}'),
('7i0t7ldl5ddiv5cvtoeoa4hb16', 1353536278, 1209600, 'site|a:1:{s:8:"language";a:4:{s:11:"language_id";s:1:"1";s:4:"name";s:14:"Русский";s:4:"code";s:2:"ru";s:6:"locale";s:11:"ru_RU.UTF-8";}}'),
('rhcg936697a94cbblvo2digis4', 1353898839, 1209600, 'site|a:1:{s:8:"language";a:4:{s:11:"language_id";s:1:"3";s:4:"name";s:6:"中文";s:4:"code";s:2:"zh";s:6:"locale";s:5:"zh_CN";}}'),
('h9oig66ng2rnft1nr41bae6j06', 1353554354, 1209600, 'site|a:1:{s:8:"language";a:4:{s:11:"language_id";s:1:"1";s:4:"name";s:14:"Русский";s:4:"code";s:2:"ru";s:6:"locale";s:11:"ru_RU.UTF-8";}}'),
('onm06ndejblo0cp5je1k5jteh7', 1353554355, 1209600, 'site|a:1:{s:8:"language";a:4:{s:11:"language_id";s:1:"1";s:4:"name";s:14:"Русский";s:4:"code";s:2:"ru";s:6:"locale";s:11:"ru_RU.UTF-8";}}'),
('tkscji79kqr819dqsuo594u2f0', 1353555176, 1209600, 'site|a:1:{s:8:"language";a:4:{s:11:"language_id";s:1:"1";s:4:"name";s:14:"Русский";s:4:"code";s:2:"ru";s:6:"locale";s:11:"ru_RU.UTF-8";}}__ZF|a:1:{s:50:"Zend_Form_Captcha_65563c5fa5e89b70e9e99b82210a9d2e";a:2:{s:4:"ENNH";i:1;s:3:"ENT";i:1353555476;}}Zend_Form_Captcha_65563c5fa5e89b70e9e99b82210a9d2e|a:1:{s:4:"word";s:6:"745653";}'),
('5m33edkftp9cr3qve796jpsfs6', 1353555416, 1209600, 'site|a:1:{s:8:"language";a:4:{s:11:"language_id";s:1:"1";s:4:"name";s:14:"Русский";s:4:"code";s:2:"ru";s:6:"locale";s:11:"ru_RU.UTF-8";}}'),
('vjj4t4klafkpvld48me7es45p5', 1353560027, 1209600, 'site|a:1:{s:8:"language";a:4:{s:11:"language_id";s:1:"1";s:4:"name";s:14:"Русский";s:4:"code";s:2:"ru";s:6:"locale";s:11:"ru_RU.UTF-8";}}'),
('4tvmg1m6ggfde0ms9oe1nsva77', 1353560027, 1209600, 'site|a:1:{s:8:"language";a:4:{s:11:"language_id";s:1:"1";s:4:"name";s:14:"Русский";s:4:"code";s:2:"ru";s:6:"locale";s:11:"ru_RU.UTF-8";}}'),
('phb8f4bggl2t6gl8km8pm4n273', 1353561347, 1209600, 'site|a:1:{s:8:"language";a:4:{s:11:"language_id";s:1:"1";s:4:"name";s:14:"Русский";s:4:"code";s:2:"ru";s:6:"locale";s:11:"ru_RU.UTF-8";}}'),
('p926r72pd2d44uoqrif8r3alp3', 1353571050, 1209600, 'site|a:1:{s:8:"language";a:4:{s:11:"language_id";s:1:"3";s:4:"name";s:6:"中文";s:4:"code";s:2:"zh";s:6:"locale";s:5:"zh_CN";}}__ZF|a:2:{s:50:"Zend_Form_Captcha_14aefc05754f009f3cb29571f2abd6b5";a:2:{s:4:"ENNH";i:1;s:3:"ENT";i:1353571243;}s:50:"Zend_Form_Captcha_c96b68ce1e85784f708df2ee58134247";a:2:{s:4:"ENNH";i:1;s:3:"ENT";i:1353571350;}}Zend_Form_Captcha_14aefc05754f009f3cb29571f2abd6b5|a:1:{s:4:"word";s:6:"go3yn7";}Zend_Form_Captcha_c96b68ce1e85784f708df2ee58134247|a:1:{s:4:"word";s:6:"hut3j5";}'),
('kjbhciup55jinqd4kamtsjlbe6', 1353575063, 1209600, 'site|a:1:{s:8:"language";a:4:{s:11:"language_id";s:1:"1";s:4:"name";s:14:"Русский";s:4:"code";s:2:"ru";s:6:"locale";s:11:"ru_RU.UTF-8";}}'),
('g2a245s5akt136c5f0qupbmrm3', 1353575064, 1209600, 'site|a:1:{s:8:"language";a:4:{s:11:"language_id";s:1:"1";s:4:"name";s:14:"Русский";s:4:"code";s:2:"ru";s:6:"locale";s:11:"ru_RU.UTF-8";}}'),
('06n2vm6maarjr38774l2gs9gl2', 1353582578, 1209600, 'site|a:1:{s:8:"language";a:4:{s:11:"language_id";s:1:"1";s:4:"name";s:14:"Русский";s:4:"code";s:2:"ru";s:6:"locale";s:11:"ru_RU.UTF-8";}}'),
('a438ha1j64ql914fn8hev8dm84', 1353586980, 1209600, 'site|a:1:{s:8:"language";a:4:{s:11:"language_id";s:1:"1";s:4:"name";s:14:"Русский";s:4:"code";s:2:"ru";s:6:"locale";s:11:"ru_RU.UTF-8";}}'),
('ja1p4dchq4ncc9bpj2qjjkkhg5', 1353586980, 1209600, 'site|a:1:{s:8:"language";a:4:{s:11:"language_id";s:1:"1";s:4:"name";s:14:"Русский";s:4:"code";s:2:"ru";s:6:"locale";s:11:"ru_RU.UTF-8";}}'),
('n3c3s06d7dmuj4odi36c0ork21', 1353586981, 1209600, 'site|a:1:{s:8:"language";a:4:{s:11:"language_id";s:1:"1";s:4:"name";s:14:"Русский";s:4:"code";s:2:"ru";s:6:"locale";s:11:"ru_RU.UTF-8";}}'),
('gbvqv2mu4i2q6t2qheos8ntoq0', 1353921074, 1209600, 'site|a:1:{s:8:"language";a:4:{s:11:"language_id";s:1:"1";s:4:"name";s:14:"Русский";s:4:"code";s:2:"ru";s:6:"locale";s:11:"ru_RU.UTF-8";}}'),
('bjdlt200u1lq3gttp84qi3s9t4', 1353928684, 1209600, 'site|a:1:{s:8:"language";a:4:{s:11:"language_id";s:1:"1";s:4:"name";s:14:"Русский";s:4:"code";s:2:"ru";s:6:"locale";s:11:"ru_RU.UTF-8";}}'),
('4hifask5cv7g3cgh9oli9b1290', 1353931189, 1209600, 'site|a:1:{s:8:"language";a:4:{s:11:"language_id";s:1:"1";s:4:"name";s:14:"Русский";s:4:"code";s:2:"ru";s:6:"locale";s:11:"ru_RU.UTF-8";}}'),
('400slu1aitaghn81rdo8qnvc51', 1353933329, 1209600, 'site|a:1:{s:8:"language";a:4:{s:11:"language_id";s:1:"1";s:4:"name";s:14:"Русский";s:4:"code";s:2:"ru";s:6:"locale";s:11:"ru_RU.UTF-8";}}'),
('ils0e83i0th6odbhlfdfte2f41', 1353641808, 1209600, 'site|a:1:{s:8:"language";a:4:{s:11:"language_id";s:1:"1";s:4:"name";s:14:"Русский";s:4:"code";s:2:"ru";s:6:"locale";s:11:"ru_RU.UTF-8";}}__ZF|a:3:{s:50:"Zend_Form_Captcha_e43451c6a217654dc54a2001e6eced18";a:2:{s:4:"ENNH";i:1;s:3:"ENT";i:1353642037;}s:50:"Zend_Form_Captcha_32f7e8b6f639dff41c07a5d56a7a3359";a:2:{s:4:"ENNH";i:1;s:3:"ENT";i:1353642108;}s:50:"Zend_Form_Captcha_b183659bc7cc75eec2c2de7b76e239e3";a:2:{s:4:"ENNH";i:1;s:3:"ENT";i:1353642108;}}Zend_Form_Captcha_e43451c6a217654dc54a2001e6eced18|a:1:{s:4:"word";s:6:"x44u6i";}Zend_Form_Captcha_b183659bc7cc75eec2c2de7b76e239e3|a:1:{s:4:"word";s:6:"zaqaf4";}'),
('2spe86fj7hilc0n4gjjreeq0d0', 1353674128, 1209600, 'site|a:1:{s:8:"language";a:4:{s:11:"language_id";s:1:"1";s:4:"name";s:14:"Русский";s:4:"code";s:2:"ru";s:6:"locale";s:11:"ru_RU.UTF-8";}}'),
('0f2vavml391mqik9jh7hg4g3c0', 1353706596, 1209600, 'site|a:1:{s:8:"language";a:4:{s:11:"language_id";s:1:"1";s:4:"name";s:14:"Русский";s:4:"code";s:2:"ru";s:6:"locale";s:11:"ru_RU.UTF-8";}}'),
('efr7d9seumb2m57n83qurgrrh0', 1353706596, 1209600, 'site|a:1:{s:8:"language";a:4:{s:11:"language_id";s:1:"1";s:4:"name";s:14:"Русский";s:4:"code";s:2:"ru";s:6:"locale";s:11:"ru_RU.UTF-8";}}'),
('67vblq4q9i5qnc8pp6gt7lc1a3', 1353713249, 1209600, 'site|a:1:{s:8:"language";a:4:{s:11:"language_id";s:1:"1";s:4:"name";s:14:"Русский";s:4:"code";s:2:"ru";s:6:"locale";s:11:"ru_RU.UTF-8";}}'),
('l2uas3j20g4om6d3jik7ftr0o7', 1353724683, 1209600, 'site|a:1:{s:8:"language";a:4:{s:11:"language_id";s:1:"1";s:4:"name";s:14:"Русский";s:4:"code";s:2:"ru";s:6:"locale";s:11:"ru_RU.UTF-8";}}__ZF|a:3:{s:50:"Zend_Form_Captcha_282afbb15c501c25f515f6f4300aabf8";a:2:{s:4:"ENNH";i:1;s:3:"ENT";i:1353724953;}s:50:"Zend_Form_Captcha_0452923fd827ded31ba43ab425ded966";a:2:{s:4:"ENNH";i:1;s:3:"ENT";i:1353724969;}s:50:"Zend_Form_Captcha_ad908d4435ad275a891e72024bc31ebb";a:2:{s:4:"ENNH";i:1;s:3:"ENT";i:1353724983;}}Zend_Form_Captcha_282afbb15c501c25f515f6f4300aabf8|a:1:{s:4:"word";s:6:"q3fohu";}Zend_Form_Captcha_0452923fd827ded31ba43ab425ded966|a:1:{s:4:"word";s:6:"b564p9";}Zend_Form_Captcha_ad908d4435ad275a891e72024bc31ebb|a:1:{s:4:"word";s:6:"c724da";}'),
('thpbi27loobk45n5sm8gmf6982', 1353731387, 1209600, 'site|a:1:{s:8:"language";a:4:{s:11:"language_id";s:1:"1";s:4:"name";s:14:"Русский";s:4:"code";s:2:"ru";s:6:"locale";s:11:"ru_RU.UTF-8";}}'),
('78af6uoak93gm8g919gdijlu04', 1353737265, 1209600, 'site|a:1:{s:8:"language";a:4:{s:11:"language_id";s:1:"1";s:4:"name";s:14:"Русский";s:4:"code";s:2:"ru";s:6:"locale";s:11:"ru_RU.UTF-8";}}'),
('krslb7lnmugepv2ht09aac2si3', 1353737265, 1209600, 'site|a:1:{s:8:"language";a:4:{s:11:"language_id";s:1:"1";s:4:"name";s:14:"Русский";s:4:"code";s:2:"ru";s:6:"locale";s:11:"ru_RU.UTF-8";}}'),
('80im7jnffdah0nr06bpfjeh8u7', 1353737286, 1209600, 'site|a:1:{s:8:"language";a:4:{s:11:"language_id";s:1:"1";s:4:"name";s:14:"Русский";s:4:"code";s:2:"ru";s:6:"locale";s:11:"ru_RU.UTF-8";}}'),
('9he4e8gj7ft4ebj809mc8dflo3', 1353737286, 1209600, 'site|a:1:{s:8:"language";a:4:{s:11:"language_id";s:1:"1";s:4:"name";s:14:"Русский";s:4:"code";s:2:"ru";s:6:"locale";s:11:"ru_RU.UTF-8";}}'),
('pt8jodat05c85pqktdpmsnecg0', 1353737286, 1209600, 'site|a:1:{s:8:"language";a:4:{s:11:"language_id";s:1:"1";s:4:"name";s:14:"Русский";s:4:"code";s:2:"ru";s:6:"locale";s:11:"ru_RU.UTF-8";}}'),
('o9us4jbiamdvjbqreajadlld86', 1353747965, 1209600, 'site|a:1:{s:8:"language";a:4:{s:11:"language_id";s:1:"1";s:4:"name";s:14:"Русский";s:4:"code";s:2:"ru";s:6:"locale";s:11:"ru_RU.UTF-8";}}'),
('smq68id9jb391vb63vi53rqsj4', 1353758526, 1209600, 'site|a:1:{s:8:"language";a:4:{s:11:"language_id";s:1:"1";s:4:"name";s:14:"Русский";s:4:"code";s:2:"ru";s:6:"locale";s:11:"ru_RU.UTF-8";}}'),
('qug7duk8gb4utq9ble9q7v78m2', 1353792314, 1209600, 'site|a:1:{s:8:"language";a:4:{s:11:"language_id";s:1:"1";s:4:"name";s:14:"Русский";s:4:"code";s:2:"ru";s:6:"locale";s:11:"ru_RU.UTF-8";}}'),
('dep5vdugnnap8niddo6bfrt6p1', 1353792315, 1209600, 'site|a:1:{s:8:"language";a:4:{s:11:"language_id";s:1:"1";s:4:"name";s:14:"Русский";s:4:"code";s:2:"ru";s:6:"locale";s:11:"ru_RU.UTF-8";}}'),
('civ69993pmgddh24tquni7lop4', 1353816210, 1209600, 'site|a:1:{s:8:"language";a:4:{s:11:"language_id";s:1:"1";s:4:"name";s:14:"Русский";s:4:"code";s:2:"ru";s:6:"locale";s:11:"ru_RU.UTF-8";}}'),
('71ckp6dcgvs6scl9ad2o4opum4', 1353821996, 1209600, 'site|a:1:{s:8:"language";a:4:{s:11:"language_id";s:1:"1";s:4:"name";s:14:"Русский";s:4:"code";s:2:"ru";s:6:"locale";s:11:"ru_RU.UTF-8";}}'),
('l19561q4vpnfe67fme28994cu0', 1353823821, 1209600, 'site|a:1:{s:8:"language";a:4:{s:11:"language_id";s:1:"1";s:4:"name";s:14:"Русский";s:4:"code";s:2:"ru";s:6:"locale";s:11:"ru_RU.UTF-8";}}'),
('9kcdu8kkd2j57gvuqkl2qs0pg6', 1353823879, 1209600, 'site|a:1:{s:8:"language";a:4:{s:11:"language_id";s:1:"1";s:4:"name";s:14:"Русский";s:4:"code";s:2:"ru";s:6:"locale";s:11:"ru_RU.UTF-8";}}'),
('0nhdkofupbo5a5ju0nodl8r267', 1353823929, 1209600, 'site|a:1:{s:8:"language";a:4:{s:11:"language_id";s:1:"1";s:4:"name";s:14:"Русский";s:4:"code";s:2:"ru";s:6:"locale";s:11:"ru_RU.UTF-8";}}'),
('ef1qiss8btr9ua63ulrvk0fso7', 1353846182, 1209600, 'site|a:1:{s:8:"language";a:4:{s:11:"language_id";s:1:"1";s:4:"name";s:14:"Русский";s:4:"code";s:2:"ru";s:6:"locale";s:11:"ru_RU.UTF-8";}}'),
('9un0ckc77bngjpc3j25g4rt0a5', 1353846182, 1209600, 'site|a:1:{s:8:"language";a:4:{s:11:"language_id";s:1:"1";s:4:"name";s:14:"Русский";s:4:"code";s:2:"ru";s:6:"locale";s:11:"ru_RU.UTF-8";}}'),
('kj690h87v6jcjhnr2dkgdeatf2', 1353846182, 1209600, 'site|a:1:{s:8:"language";a:4:{s:11:"language_id";s:1:"1";s:4:"name";s:14:"Русский";s:4:"code";s:2:"ru";s:6:"locale";s:11:"ru_RU.UTF-8";}}'),
('k9kjnl3f6qk0rfr5glc0h5llo7', 1353851275, 1209600, 'site|a:1:{s:8:"language";a:4:{s:11:"language_id";s:1:"3";s:4:"name";s:6:"中文";s:4:"code";s:2:"zh";s:6:"locale";s:5:"zh_CN";}}'),
('okcmgosclpbbut8uiksd1n2ja0', 1353933329, 1209600, 'site|a:1:{s:8:"language";a:4:{s:11:"language_id";s:1:"1";s:4:"name";s:14:"Русский";s:4:"code";s:2:"ru";s:6:"locale";s:11:"ru_RU.UTF-8";}}'),
('monugquuu1kfc8fapffccfgj92', 1353933329, 1209600, 'site|a:1:{s:8:"language";a:4:{s:11:"language_id";s:1:"1";s:4:"name";s:14:"Русский";s:4:"code";s:2:"ru";s:6:"locale";s:11:"ru_RU.UTF-8";}}'),
('c6r6k30gu10ub6p1ih0u91hc01', 1353944924, 1209600, 'site|a:1:{s:8:"language";a:4:{s:11:"language_id";s:1:"1";s:4:"name";s:14:"Русский";s:4:"code";s:2:"ru";s:6:"locale";s:11:"ru_RU.UTF-8";}}'),
('j7abhqrg0gtdcs6qk8ul331015', 1353945215, 1209600, 'site|a:1:{s:8:"language";a:4:{s:11:"language_id";s:1:"3";s:4:"name";s:6:"中文";s:4:"code";s:2:"zh";s:6:"locale";s:5:"zh_CN";}}'),
('76h8ugu5bk83sijil8h6t1p0m7', 1353996466, 1209600, 'site|a:1:{s:8:"language";a:4:{s:11:"language_id";s:1:"1";s:4:"name";s:14:"Русский";s:4:"code";s:2:"ru";s:6:"locale";s:11:"ru_RU.UTF-8";}}'),
('efh4904das97om1tdsbf3o4vn2', 1353996466, 1209600, 'site|a:1:{s:8:"language";a:4:{s:11:"language_id";s:1:"1";s:4:"name";s:14:"Русский";s:4:"code";s:2:"ru";s:6:"locale";s:11:"ru_RU.UTF-8";}}'),
('14tgqas79ghp29lon3881qdee5', 1353996467, 1209600, 'site|a:1:{s:8:"language";a:4:{s:11:"language_id";s:1:"1";s:4:"name";s:14:"Русский";s:4:"code";s:2:"ru";s:6:"locale";s:11:"ru_RU.UTF-8";}}'),
('ssdjc04naovj6dbg7l07bobk35', 1353996486, 1209600, 'site|a:1:{s:8:"language";a:4:{s:11:"language_id";s:1:"1";s:4:"name";s:14:"Русский";s:4:"code";s:2:"ru";s:6:"locale";s:11:"ru_RU.UTF-8";}}'),
('hug1pvuf1qv8lfauj11pi5k5e5', 1353996487, 1209600, 'site|a:1:{s:8:"language";a:4:{s:11:"language_id";s:1:"1";s:4:"name";s:14:"Русский";s:4:"code";s:2:"ru";s:6:"locale";s:11:"ru_RU.UTF-8";}}'),
('rotfpa48cfgo646ejb1itlek34', 1353996487, 1209600, 'site|a:1:{s:8:"language";a:4:{s:11:"language_id";s:1:"1";s:4:"name";s:14:"Русский";s:4:"code";s:2:"ru";s:6:"locale";s:11:"ru_RU.UTF-8";}}'),
('4se5ge0jhhsv4vsidr9nj157g3', 1353998009, 1209600, 'site|a:1:{s:8:"language";a:4:{s:11:"language_id";s:1:"1";s:4:"name";s:14:"Русский";s:4:"code";s:2:"ru";s:6:"locale";s:11:"ru_RU.UTF-8";}}'),
('2b2nb51lovph688q4gdpussrh3', 1354002190, 1209600, 'site|a:1:{s:8:"language";a:4:{s:11:"language_id";s:1:"1";s:4:"name";s:14:"Русский";s:4:"code";s:2:"ru";s:6:"locale";s:11:"ru_RU.UTF-8";}}'),
('i8p5mfvqm2oqgjisi8udgvgk73', 1354002217, 1209600, 'site|a:1:{s:8:"language";a:4:{s:11:"language_id";s:1:"1";s:4:"name";s:14:"Русский";s:4:"code";s:2:"ru";s:6:"locale";s:11:"ru_RU.UTF-8";}}'),
('mpja965ltn124ralk311ofmgv4', 1354002379, 1209600, 'site|a:1:{s:8:"language";a:4:{s:11:"language_id";s:1:"1";s:4:"name";s:14:"Русский";s:4:"code";s:2:"ru";s:6:"locale";s:11:"ru_RU.UTF-8";}}'),
('pigdgmveck6qvf22gqc9b3cep6', 1354002876, 1209600, 'site|a:1:{s:8:"language";a:4:{s:11:"language_id";s:1:"1";s:4:"name";s:14:"Русский";s:4:"code";s:2:"ru";s:6:"locale";s:11:"ru_RU.UTF-8";}}'),
('v2b88coej4295gpmcd77p3uqe5', 1354010345, 1209600, 'site|a:1:{s:8:"language";a:4:{s:11:"language_id";s:1:"1";s:4:"name";s:14:"Русский";s:4:"code";s:2:"ru";s:6:"locale";s:11:"ru_RU.UTF-8";}}'),
('tooogcsjin5g8j47o2doa57vd5', 1354443028, 1209600, 'site|a:1:{s:8:"language";a:4:{s:11:"language_id";s:1:"3";s:4:"name";s:6:"中文";s:4:"code";s:2:"zh";s:6:"locale";s:5:"zh_CN";}}'),
('8ichpong8pru0ari89v6cl96j4', 1354010724, 1209600, 'site|a:1:{s:8:"language";a:4:{s:11:"language_id";s:1:"1";s:4:"name";s:14:"Русский";s:4:"code";s:2:"ru";s:6:"locale";s:11:"ru_RU.UTF-8";}}'),
('spfeqjedc9t5v7plb1v2t4gls0', 1354014999, 1209600, 'site|a:1:{s:8:"language";a:4:{s:11:"language_id";s:1:"1";s:4:"name";s:14:"Русский";s:4:"code";s:2:"ru";s:6:"locale";s:11:"ru_RU.UTF-8";}}'),
('ggh44r7otv4i2bubrojb8kr0b5', 1354022460, 1209600, 'site|a:1:{s:8:"language";a:4:{s:11:"language_id";s:1:"1";s:4:"name";s:14:"Русский";s:4:"code";s:2:"ru";s:6:"locale";s:11:"ru_RU.UTF-8";}}'),
('vuu0bi8u8qjjo3d17p5f40dtn0', 1354442796, 1209600, 'site|a:1:{s:8:"language";a:4:{s:11:"language_id";s:1:"1";s:4:"name";s:14:"Русский";s:4:"code";s:2:"ru";s:6:"locale";s:11:"ru_RU.UTF-8";}}'),
('faumt1bqt0oetbbfrohumrrio6', 1354451735, 1209600, 'site|a:1:{s:8:"language";a:4:{s:11:"language_id";s:1:"1";s:4:"name";s:14:"Русский";s:4:"code";s:2:"ru";s:6:"locale";s:11:"ru_RU.UTF-8";}}'),
('78mudmmoi5j19seokoerfhjm24', 1354470939, 1209600, 'site|a:1:{s:8:"language";a:4:{s:11:"language_id";s:1:"1";s:4:"name";s:14:"Русский";s:4:"code";s:2:"ru";s:6:"locale";s:11:"ru_RU.UTF-8";}}'),
('nb60n5vc6q6i6em1lhj8gden74', 1354053355, 1209600, 'site|a:1:{s:8:"language";a:4:{s:11:"language_id";s:1:"1";s:4:"name";s:14:"Русский";s:4:"code";s:2:"ru";s:6:"locale";s:11:"ru_RU.UTF-8";}}'),
('bo2dp9ouf2id7i231trluqugb3', 1354053355, 1209600, 'site|a:1:{s:8:"language";a:4:{s:11:"language_id";s:1:"1";s:4:"name";s:14:"Русский";s:4:"code";s:2:"ru";s:6:"locale";s:11:"ru_RU.UTF-8";}}'),
('1b5frlpijs9bfnmdgs6r7ug0s3', 1354061205, 1209600, 'site|a:1:{s:8:"language";a:4:{s:11:"language_id";s:1:"2";s:4:"name";s:7:"English";s:4:"code";s:2:"en";s:6:"locale";s:5:"en_US";}}__ZF|a:3:{s:50:"Zend_Form_Captcha_c5775d17f4d954ca7155398c4acd43bb";a:2:{s:4:"ENNH";i:1;s:3:"ENT";i:1354061418;}s:50:"Zend_Form_Captcha_7a54bead71f4326c2218c5ed5a7b85db";a:2:{s:4:"ENNH";i:1;s:3:"ENT";i:1354061418;}s:50:"Zend_Form_Captcha_064bf7c96e0546d9c3dd0f251f29ea5f";a:2:{s:4:"ENNH";i:1;s:3:"ENT";i:1354061444;}}Zend_Form_Captcha_7a54bead71f4326c2218c5ed5a7b85db|a:1:{s:4:"word";s:6:"p298w6";}Zend_Form_Captcha_064bf7c96e0546d9c3dd0f251f29ea5f|a:1:{s:4:"word";s:6:"3im2k6";}'),
('j7pkc6t0k907b43lc6g07vhro4', 1354066850, 1209600, 'site|a:1:{s:8:"language";a:4:{s:11:"language_id";s:1:"1";s:4:"name";s:14:"Русский";s:4:"code";s:2:"ru";s:6:"locale";s:11:"ru_RU.UTF-8";}}'),
('865d86u627ij7paboji23n9092', 1354066852, 1209600, 'site|a:1:{s:8:"language";a:4:{s:11:"language_id";s:1:"1";s:4:"name";s:14:"Русский";s:4:"code";s:2:"ru";s:6:"locale";s:11:"ru_RU.UTF-8";}}'),
('g0qm73hdl6tn9o62tb0r2shp36', 1354068423, 1209600, 'site|a:1:{s:8:"language";a:4:{s:11:"language_id";s:1:"1";s:4:"name";s:14:"Русский";s:4:"code";s:2:"ru";s:6:"locale";s:11:"ru_RU.UTF-8";}}'),
('d0dbjuhrfhgq2o99r98b69rcr5', 1354182465, 1209600, 'site|a:1:{s:8:"language";a:4:{s:11:"language_id";s:1:"1";s:4:"name";s:14:"Русский";s:4:"code";s:2:"ru";s:6:"locale";s:11:"ru_RU.UTF-8";}}'),
('suon7f2hgqplbnvoeg8o03prq4', 1354071519, 1209600, 'site|a:1:{s:8:"language";a:4:{s:11:"language_id";s:1:"1";s:4:"name";s:14:"Русский";s:4:"code";s:2:"ru";s:6:"locale";s:11:"ru_RU.UTF-8";}}__ZF|a:1:{s:50:"Zend_Form_Captcha_193003c2b83800cb977d21c8b84f1c5e";a:2:{s:4:"ENNH";i:1;s:3:"ENT";i:1354071819;}}Zend_Form_Captcha_193003c2b83800cb977d21c8b84f1c5e|a:1:{s:4:"word";s:6:"46u447";}'),
('nsvkno8dedib6gl32mhjm4q9s4', 1354088220, 1209600, 'site|a:1:{s:8:"language";a:4:{s:11:"language_id";s:1:"1";s:4:"name";s:14:"Русский";s:4:"code";s:2:"ru";s:6:"locale";s:11:"ru_RU.UTF-8";}}'),
('u4egj5fsbu6g8peapr3gu160t7', 1354099606, 1209600, 'site|a:1:{s:8:"language";a:4:{s:11:"language_id";s:1:"1";s:4:"name";s:14:"Русский";s:4:"code";s:2:"ru";s:6:"locale";s:11:"ru_RU.UTF-8";}}'),
('1e83td3cl2ni1rje02kk8mui61', 1354444023, 1209600, 'site|a:1:{s:8:"language";a:4:{s:11:"language_id";s:1:"1";s:4:"name";s:14:"Русский";s:4:"code";s:2:"ru";s:6:"locale";s:11:"ru_RU.UTF-8";}}'),
('ituhbulqhbk6lkfajprfj9a3e0', 1354276993, 1209600, 'site|a:1:{s:8:"language";a:4:{s:11:"language_id";s:1:"1";s:4:"name";s:14:"Русский";s:4:"code";s:2:"ru";s:6:"locale";s:11:"ru_RU.UTF-8";}}'),
('fgaokq38el5v77qkjmitc49ol6', 1354097806, 1209600, 'site|a:1:{s:8:"language";a:4:{s:11:"language_id";s:1:"1";s:4:"name";s:14:"Русский";s:4:"code";s:2:"ru";s:6:"locale";s:11:"ru_RU.UTF-8";}}'),
('cu4teprki1cofanst3nnf7lg70', 1354103007, 1209600, 'site|a:1:{s:8:"language";a:4:{s:11:"language_id";s:1:"1";s:4:"name";s:14:"Русский";s:4:"code";s:2:"ru";s:6:"locale";s:11:"ru_RU.UTF-8";}}'),
('umun75dv5m4a72iiu30f9komi4', 1354105383, 1209600, 'site|a:1:{s:8:"language";a:4:{s:11:"language_id";s:1:"1";s:4:"name";s:14:"Русский";s:4:"code";s:2:"ru";s:6:"locale";s:11:"ru_RU.UTF-8";}}'),
('7bg53dg2l1lq46mn6o6e7l1h67', 1354105384, 1209600, 'site|a:1:{s:8:"language";a:4:{s:11:"language_id";s:1:"1";s:4:"name";s:14:"Русский";s:4:"code";s:2:"ru";s:6:"locale";s:11:"ru_RU.UTF-8";}}'),
('1esla62h6pbf5k8f394p5a0fs7', 1354105384, 1209600, 'site|a:1:{s:8:"language";a:4:{s:11:"language_id";s:1:"1";s:4:"name";s:14:"Русский";s:4:"code";s:2:"ru";s:6:"locale";s:11:"ru_RU.UTF-8";}}'),
('5sspm4tlge6mtn4ml7gsak1o34', 1354118751, 1209600, 'site|a:1:{s:8:"language";a:4:{s:11:"language_id";s:1:"1";s:4:"name";s:14:"Русский";s:4:"code";s:2:"ru";s:6:"locale";s:11:"ru_RU.UTF-8";}}'),
('ph9aipdem78fro0i07c0ta74q5', 1354118751, 1209600, 'site|a:1:{s:8:"language";a:4:{s:11:"language_id";s:1:"1";s:4:"name";s:14:"Русский";s:4:"code";s:2:"ru";s:6:"locale";s:11:"ru_RU.UTF-8";}}'),
('es18v552id5brhr7uajoakvbt5', 1354177950, 1209600, 'site|a:1:{s:8:"language";a:4:{s:11:"language_id";s:1:"1";s:4:"name";s:14:"Русский";s:4:"code";s:2:"ru";s:6:"locale";s:11:"ru_RU.UTF-8";}}'),
('sld4t9ej29g79vp3l8o7h8bqs3', 1354178031, 1209600, 'site|a:1:{s:8:"language";a:4:{s:11:"language_id";s:1:"1";s:4:"name";s:14:"Русский";s:4:"code";s:2:"ru";s:6:"locale";s:11:"ru_RU.UTF-8";}}'),
('mf4lr8vvucf08ve7eka6vcm2i0', 1354178033, 1209600, 'site|a:1:{s:8:"language";a:4:{s:11:"language_id";s:1:"1";s:4:"name";s:14:"Русский";s:4:"code";s:2:"ru";s:6:"locale";s:11:"ru_RU.UTF-8";}}'),
('b4j7drf8a22m93gkknd5shrrg5', 1354181416, 1209600, 'site|a:1:{s:8:"language";a:4:{s:11:"language_id";s:1:"1";s:4:"name";s:14:"Русский";s:4:"code";s:2:"ru";s:6:"locale";s:11:"ru_RU.UTF-8";}}'),
('k0c0evu6c8iou3p5h9p8p739j3', 1354182503, 1209600, 'site|a:1:{s:8:"language";a:4:{s:11:"language_id";s:1:"1";s:4:"name";s:14:"Русский";s:4:"code";s:2:"ru";s:6:"locale";s:11:"ru_RU.UTF-8";}}'),
('gusarfjahk75g1knrv43q9aaf2', 1354182542, 1209600, 'site|a:1:{s:8:"language";a:4:{s:11:"language_id";s:1:"1";s:4:"name";s:14:"Русский";s:4:"code";s:2:"ru";s:6:"locale";s:11:"ru_RU.UTF-8";}}'),
('r8ii8svm1snokj8o2a6buturi6', 1354183422, 1209600, 'site|a:1:{s:8:"language";a:4:{s:11:"language_id";s:1:"1";s:4:"name";s:14:"Русский";s:4:"code";s:2:"ru";s:6:"locale";s:11:"ru_RU.UTF-8";}}'),
('264fflb4j0da7168iu9159uhq2', 1354183452, 1209600, 'site|a:1:{s:8:"language";a:4:{s:11:"language_id";s:1:"1";s:4:"name";s:14:"Русский";s:4:"code";s:2:"ru";s:6:"locale";s:11:"ru_RU.UTF-8";}}'),
('cmk77e9j9hov0d1iec4jhc7rj5', 1354184076, 1209600, 'site|a:1:{s:8:"language";a:4:{s:11:"language_id";s:1:"1";s:4:"name";s:14:"Русский";s:4:"code";s:2:"ru";s:6:"locale";s:11:"ru_RU.UTF-8";}}'),
('sk7hru9khp4em9i0u5j6ftib77', 1354184082, 1209600, 'site|a:1:{s:8:"language";a:4:{s:11:"language_id";s:1:"1";s:4:"name";s:14:"Русский";s:4:"code";s:2:"ru";s:6:"locale";s:11:"ru_RU.UTF-8";}}'),
('4k0nsijemoa2n8lnum92fmu775', 1354184086, 1209600, 'site|a:1:{s:8:"language";a:4:{s:11:"language_id";s:1:"1";s:4:"name";s:14:"Русский";s:4:"code";s:2:"ru";s:6:"locale";s:11:"ru_RU.UTF-8";}}'),
('u6pfvluk2e81tvuf7trp7865u3', 1354184627, 1209600, 'site|a:1:{s:8:"language";a:4:{s:11:"language_id";s:1:"1";s:4:"name";s:14:"Русский";s:4:"code";s:2:"ru";s:6:"locale";s:11:"ru_RU.UTF-8";}}'),
('dtm4suufshdkoi198oq5or9r03', 1354184697, 1209600, 'site|a:1:{s:8:"language";a:4:{s:11:"language_id";s:1:"1";s:4:"name";s:14:"Русский";s:4:"code";s:2:"ru";s:6:"locale";s:11:"ru_RU.UTF-8";}}'),
('hl1bpav6p789a41vefen4olnq3', 1354185927, 1209600, 'site|a:1:{s:8:"language";a:4:{s:11:"language_id";s:1:"1";s:4:"name";s:14:"Русский";s:4:"code";s:2:"ru";s:6:"locale";s:11:"ru_RU.UTF-8";}}'),
('9so34dqvkeb3cmm3p8olinmos4', 1354188868, 1209600, 'site|a:1:{s:8:"language";a:4:{s:11:"language_id";s:1:"1";s:4:"name";s:14:"Русский";s:4:"code";s:2:"ru";s:6:"locale";s:11:"ru_RU.UTF-8";}}'),
('rd8goj2rs1b0s39f86uchmp603', 1354192530, 1209600, 'site|a:1:{s:8:"language";a:4:{s:11:"language_id";s:1:"1";s:4:"name";s:14:"Русский";s:4:"code";s:2:"ru";s:6:"locale";s:11:"ru_RU.UTF-8";}}'),
('qm4r16anso9a668l0mocikgkb0', 1354192531, 1209600, 'site|a:1:{s:8:"language";a:4:{s:11:"language_id";s:1:"1";s:4:"name";s:14:"Русский";s:4:"code";s:2:"ru";s:6:"locale";s:11:"ru_RU.UTF-8";}}'),
('lipsban4r8vdli8cjgnig43c06', 1354192532, 1209600, 'site|a:1:{s:8:"language";a:4:{s:11:"language_id";s:1:"1";s:4:"name";s:14:"Русский";s:4:"code";s:2:"ru";s:6:"locale";s:11:"ru_RU.UTF-8";}}'),
('cnqoa67npviqmrlru9delrm7n5', 1354194384, 1209600, 'site|a:1:{s:8:"language";a:4:{s:11:"language_id";s:1:"1";s:4:"name";s:14:"Русский";s:4:"code";s:2:"ru";s:6:"locale";s:11:"ru_RU.UTF-8";}}'),
('niulffe2f5bo3l8roq86700bo7', 1354194384, 1209600, 'site|a:1:{s:8:"language";a:4:{s:11:"language_id";s:1:"1";s:4:"name";s:14:"Русский";s:4:"code";s:2:"ru";s:6:"locale";s:11:"ru_RU.UTF-8";}}'),
('31ud5oliio3f6pe4c8ali0u5e6', 1354194384, 1209600, 'site|a:1:{s:8:"language";a:4:{s:11:"language_id";s:1:"1";s:4:"name";s:14:"Русский";s:4:"code";s:2:"ru";s:6:"locale";s:11:"ru_RU.UTF-8";}}'),
('a01qnnqdserct1k0dqchrv4491', 1354194392, 1209600, 'site|a:1:{s:8:"language";a:4:{s:11:"language_id";s:1:"1";s:4:"name";s:14:"Русский";s:4:"code";s:2:"ru";s:6:"locale";s:11:"ru_RU.UTF-8";}}'),
('13gdb4ld4q83u56v63slfos862', 1354194396, 1209600, 'site|a:1:{s:8:"language";a:4:{s:11:"language_id";s:1:"1";s:4:"name";s:14:"Русский";s:4:"code";s:2:"ru";s:6:"locale";s:11:"ru_RU.UTF-8";}}'),
('7ko4briccbauvlpv8nhmccnt16', 1354252216, 1209600, 'site|a:1:{s:8:"language";a:4:{s:11:"language_id";s:1:"1";s:4:"name";s:14:"Русский";s:4:"code";s:2:"ru";s:6:"locale";s:11:"ru_RU.UTF-8";}}'),
('5310rdh8d4sco9ceu23lravhb6', 1354254477, 1209600, 'site|a:1:{s:8:"language";a:4:{s:11:"language_id";s:1:"1";s:4:"name";s:14:"Русский";s:4:"code";s:2:"ru";s:6:"locale";s:11:"ru_RU.UTF-8";}}'),
('984olj8ng23b12rrs2jauct000', 1354255668, 1209600, 'site|a:1:{s:8:"language";a:4:{s:11:"language_id";s:1:"1";s:4:"name";s:14:"Русский";s:4:"code";s:2:"ru";s:6:"locale";s:11:"ru_RU.UTF-8";}}'),
('ulvd72jlhpqoa6d0vj242pn054', 1354255668, 1209600, 'site|a:1:{s:8:"language";a:4:{s:11:"language_id";s:1:"1";s:4:"name";s:14:"Русский";s:4:"code";s:2:"ru";s:6:"locale";s:11:"ru_RU.UTF-8";}}'),
('vt288cvtsc3hvb7v854dougtq0', 1354255688, 1209600, 'site|a:1:{s:8:"language";a:4:{s:11:"language_id";s:1:"1";s:4:"name";s:14:"Русский";s:4:"code";s:2:"ru";s:6:"locale";s:11:"ru_RU.UTF-8";}}'),
('3e818vu9jav0tj36qk0rr0r0d0', 1354255689, 1209600, 'site|a:1:{s:8:"language";a:4:{s:11:"language_id";s:1:"1";s:4:"name";s:14:"Русский";s:4:"code";s:2:"ru";s:6:"locale";s:11:"ru_RU.UTF-8";}}'),
('ma3uu1o4qpken6shkov7vce3k1', 1354255689, 1209600, 'site|a:1:{s:8:"language";a:4:{s:11:"language_id";s:1:"1";s:4:"name";s:14:"Русский";s:4:"code";s:2:"ru";s:6:"locale";s:11:"ru_RU.UTF-8";}}'),
('tb29q7c4r2gmee7mrg7svo3hr7', 1354266070, 1209600, 'site|a:1:{s:8:"language";a:4:{s:11:"language_id";s:1:"1";s:4:"name";s:14:"Русский";s:4:"code";s:2:"ru";s:6:"locale";s:11:"ru_RU.UTF-8";}}'),
('8hbfja8eb0jqi5hksmtu71h9a4', 1354268779, 1209600, 'site|a:1:{s:8:"language";a:4:{s:11:"language_id";s:1:"1";s:4:"name";s:14:"Русский";s:4:"code";s:2:"ru";s:6:"locale";s:11:"ru_RU.UTF-8";}}'),
('ng1k7qqk816v627q9boauvv1p7', 1354339822, 1209600, 'site|a:1:{s:8:"language";a:4:{s:11:"language_id";s:1:"1";s:4:"name";s:14:"Русский";s:4:"code";s:2:"ru";s:6:"locale";s:11:"ru_RU.UTF-8";}}__ZF|a:1:{s:50:"Zend_Form_Captcha_b1ddbcff2b8283222b353a3bfa67d305";a:2:{s:4:"ENNH";i:1;s:3:"ENT";i:1354340122;}}Zend_Form_Captcha_b1ddbcff2b8283222b353a3bfa67d305|a:1:{s:4:"word";s:6:"373ip5";}'),
('ts4lf49km0j1rl5seevd4663u1', 1354609025, 1209600, 'site|a:2:{s:8:"language";a:4:{s:11:"language_id";s:1:"2";s:4:"name";s:7:"English";s:4:"code";s:2:"en";s:6:"locale";s:5:"en_US";}s:7:"storage";O:8:"stdClass":25:{s:7:"user_id";s:2:"37";s:4:"name";s:3:"Liu";s:6:"status";s:1:"1";s:5:"email";s:20:"marinasev@rambler.ru";s:5:"image";s:29:"users/0874487001350961366.png";s:13:"register_date";s:19:"2012-10-16 15:28:50";s:6:"is_man";s:1:"1";s:5:"block";s:1:"0";s:5:"step1";s:1:"1";s:5:"step2";s:1:"1";s:5:"step3";s:1:"1";s:8:"lastname";s:4:"Xiao";s:8:"name_eng";s:3:"Liu";s:12:"lastname_eng";s:4:"John";s:9:"telephone";s:12:"+86100000000";s:5:"skype";s:11:"hello_world";s:4:"city";s:7:"Beijing";s:10:"birth_date";s:10:"1982-03-10";s:6:"height";s:3:"182";s:6:"weight";s:2:"82";s:4:"home";s:1:"1";s:6:"childs";s:1:"0";s:12:"notification";s:1:"0";s:20:"notification_in_days";s:1:"0";s:10:"session_id";s:0:"";}}'),
('d0o5u4fii18gpf47521c9l74c6', 1354354800, 1209600, 'site|a:1:{s:8:"language";a:4:{s:11:"language_id";s:1:"1";s:4:"name";s:14:"Русский";s:4:"code";s:2:"ru";s:6:"locale";s:11:"ru_RU.UTF-8";}}'),
('0uthnnkhfqalnp7un74e7t0qo4', 1354356410, 1209600, 'site|a:1:{s:8:"language";a:4:{s:11:"language_id";s:1:"1";s:4:"name";s:14:"Русский";s:4:"code";s:2:"ru";s:6:"locale";s:11:"ru_RU.UTF-8";}}'),
('edpmonntfpvvn473h6qjssga71', 1354356392, 1209600, 'site|a:1:{s:8:"language";a:4:{s:11:"language_id";s:1:"1";s:4:"name";s:14:"Русский";s:4:"code";s:2:"ru";s:6:"locale";s:11:"ru_RU.UTF-8";}}'),
('t25bciiml1gda5el4njh1acq22', 1354356993, 1209600, 'site|a:1:{s:8:"language";a:4:{s:11:"language_id";s:1:"1";s:4:"name";s:14:"Русский";s:4:"code";s:2:"ru";s:6:"locale";s:11:"ru_RU.UTF-8";}}'),
('9fg645tfuo39rpdlr1nauh5fs3', 1354364585, 1209600, 'site|a:1:{s:8:"language";a:4:{s:11:"language_id";s:1:"1";s:4:"name";s:14:"Русский";s:4:"code";s:2:"ru";s:6:"locale";s:11:"ru_RU.UTF-8";}}'),
('kt56b8lbtu6joaik9s0cqtimh0', 1354364586, 1209600, 'site|a:1:{s:8:"language";a:4:{s:11:"language_id";s:1:"1";s:4:"name";s:14:"Русский";s:4:"code";s:2:"ru";s:6:"locale";s:11:"ru_RU.UTF-8";}}'),
('d2h1astpua5ivro9ts6c2m42i0', 1354364586, 1209600, 'site|a:1:{s:8:"language";a:4:{s:11:"language_id";s:1:"1";s:4:"name";s:14:"Русский";s:4:"code";s:2:"ru";s:6:"locale";s:11:"ru_RU.UTF-8";}}'),
('984d1ajn4ecmo1ki1dd1hmfjc7', 1354378968, 1209600, 'site|a:1:{s:8:"language";a:4:{s:11:"language_id";s:1:"1";s:4:"name";s:14:"Русский";s:4:"code";s:2:"ru";s:6:"locale";s:11:"ru_RU.UTF-8";}}'),
('b1rj4pgfegqh9j8ggir6v4rfe1', 1354606752, 1209600, 'site|a:1:{s:8:"language";a:4:{s:11:"language_id";s:1:"1";s:4:"name";s:14:"Русский";s:4:"code";s:2:"ru";s:6:"locale";s:11:"ru_RU.UTF-8";}}');

-- --------------------------------------------------------

--
-- Структура таблицы `settings`
--

CREATE TABLE IF NOT EXISTS `settings` (
  `setting_id` int(11) NOT NULL AUTO_INCREMENT,
  `setting_name` varchar(255) NOT NULL,
  `value` varchar(255) NOT NULL,
  PRIMARY KEY (`setting_id`)
) ENGINE=MyISAM  DEFAULT CHARSET=utf8 AUTO_INCREMENT=12 ;

--
-- Дамп данных таблицы `settings`
--

INSERT INTO `settings` (`setting_id`, `setting_name`, `value`) VALUES
(1, 'default_language_id', '1'),
(2, 'site_url', 'http://panda.for-test-only.ru/'),
(3, 'popup_image_width', '500'),
(4, 'popup_image_height', '500'),
(5, 'item_quantity', '24'),
(6, 'admin_email', 'admin@pandaandbear.com'),
(7, 'site_name', 'Panda&Bear'),
(8, 'chat_update_time', '5'),
(9, 'recomendation_count', '3'),
(10, 'recomendation_period', '3'),
(11, 'next_recomendation_date', '2012-12-04 14:26:45');

-- --------------------------------------------------------

--
-- Структура таблицы `settings_description`
--

CREATE TABLE IF NOT EXISTS `settings_description` (
  `settings_description_id` int(11) NOT NULL AUTO_INCREMENT,
  `setting_id` int(11) NOT NULL,
  `label` varchar(255) NOT NULL,
  `language_id` int(5) NOT NULL,
  PRIMARY KEY (`settings_description_id`)
) ENGINE=MyISAM  DEFAULT CHARSET=utf8 AUTO_INCREMENT=34 ;

--
-- Дамп данных таблицы `settings_description`
--

INSERT INTO `settings_description` (`settings_description_id`, `setting_id`, `label`, `language_id`) VALUES
(1, 1, 'Номер языка по умолчанию', 1),
(2, 1, 'Default language id', 2),
(3, 2, 'Адрес сайта ("/"на конце)', 1),
(4, 2, 'Site url', 2),
(5, 3, 'Длина всплывающего изображения', 1),
(6, 3, 'Popup image width', 2),
(7, 4, 'Высота всплывающего изображения', 1),
(8, 4, 'Popup image height', 2),
(9, 5, 'Число элементов на страницу', 1),
(10, 5, 'Items per page', 2),
(11, 6, 'Емэйл администратора', 1),
(12, 6, 'Admin email', 2),
(13, 7, 'Название сайта', 1),
(14, 7, 'Site name', 2),
(15, 8, 'Время обновления чата(сек)', 1),
(16, 8, 'Chat update interval (sek)', 2),
(17, 9, 'Число рекомендаций', 1),
(18, 9, 'Recomendations count', 2),
(19, 10, 'Период рекомендаций (в днях)', 1),
(20, 10, 'Recomendations period (in days)', 2),
(21, 11, 'Дата следующей рекомендации', 1),
(22, 11, 'Next recomendation date', 2),
(23, 1, '', 3),
(24, 2, '', 3),
(25, 3, '', 3),
(26, 4, '', 3),
(27, 5, '', 3),
(28, 6, '', 3),
(29, 7, '', 3),
(30, 8, '', 3),
(31, 9, '', 3),
(32, 10, '', 3),
(33, 11, '', 3);

-- --------------------------------------------------------

--
-- Структура таблицы `skills`
--

CREATE TABLE IF NOT EXISTS `skills` (
  `skill_id` int(11) NOT NULL AUTO_INCREMENT,
  PRIMARY KEY (`skill_id`)
) ENGINE=MyISAM  DEFAULT CHARSET=utf8 AUTO_INCREMENT=6 ;

--
-- Дамп данных таблицы `skills`
--

INSERT INTO `skills` (`skill_id`) VALUES
(1),
(2),
(3),
(4),
(5);

-- --------------------------------------------------------

--
-- Структура таблицы `skills_names`
--

CREATE TABLE IF NOT EXISTS `skills_names` (
  `skill_id` int(11) NOT NULL,
  `language_id` int(5) NOT NULL,
  `name` varchar(255) NOT NULL,
  PRIMARY KEY (`skill_id`,`language_id`)
) ENGINE=MyISAM DEFAULT CHARSET=utf8;

--
-- Дамп данных таблицы `skills_names`
--

INSERT INTO `skills_names` (`skill_id`, `language_id`, `name`) VALUES
(1, 1, 'Родной'),
(2, 1, 'Базовый'),
(3, 1, 'Разговорный'),
(1, 2, 'Native'),
(2, 2, 'Basic'),
(3, 2, 'Spoken'),
(1, 3, '母语'),
(2, 3, '基础'),
(3, 3, '表达'),
(4, 1, 'Уверенный'),
(5, 1, 'Свободный'),
(4, 2, 'Proficient'),
(5, 2, 'Fluent'),
(4, 3, '熟练'),
(5, 3, '流利');

-- --------------------------------------------------------

--
-- Структура таблицы `spam`
--

CREATE TABLE IF NOT EXISTS `spam` (
  `spam_id` int(11) NOT NULL AUTO_INCREMENT,
  `message_id` int(11) NOT NULL,
  `type` int(1) NOT NULL,
  `text` text NOT NULL,
  `date_added` datetime NOT NULL,
  PRIMARY KEY (`spam_id`)
) ENGINE=MyISAM  DEFAULT CHARSET=utf8 AUTO_INCREMENT=9 ;

--
-- Дамп данных таблицы `spam`
--

INSERT INTO `spam` (`spam_id`, `message_id`, `type`, `text`, `date_added`) VALUES
(5, 99, 1, '', '2012-11-30 16:06:08'),
(4, 71, 1, '', '2012-11-30 16:05:55'),
(6, 71, 2, 'yyy', '2012-11-30 16:06:15'),
(7, 160, 1, 'Spam!!!', '2012-11-30 22:51:26'),
(8, 162, 2, 'rrtrert', '2012-11-30 22:52:20');

-- --------------------------------------------------------

--
-- Структура таблицы `template`
--

CREATE TABLE IF NOT EXISTS `template` (
  `template_id` int(11) NOT NULL,
  `label` varchar(255) NOT NULL,
  PRIMARY KEY (`template_id`)
) ENGINE=MyISAM DEFAULT CHARSET=utf8;

--
-- Дамп данных таблицы `template`
--

INSERT INTO `template` (`template_id`, `label`) VALUES
(0, '0'),
(2, '2');

-- --------------------------------------------------------

--
-- Структура таблицы `user`
--

CREATE TABLE IF NOT EXISTS `user` (
  `user_id` int(11) NOT NULL AUTO_INCREMENT,
  `name` varchar(64) NOT NULL,
  `status` tinyint(1) NOT NULL DEFAULT '0',
  `email` varchar(64) NOT NULL,
  `password` varchar(32) NOT NULL,
  `image` varchar(255) DEFAULT NULL,
  `register_date` datetime NOT NULL,
  `is_man` tinyint(1) NOT NULL DEFAULT '0',
  `block` tinyint(1) NOT NULL DEFAULT '0',
  `step1` tinyint(1) NOT NULL DEFAULT '0',
  `step2` tinyint(1) NOT NULL DEFAULT '0',
  `step3` tinyint(1) NOT NULL DEFAULT '0',
  `lastname` varchar(64) NOT NULL,
  `name_eng` varchar(64) NOT NULL,
  `lastname_eng` varchar(64) NOT NULL,
  `telephone` varchar(32) NOT NULL,
  `skype` varchar(64) NOT NULL,
  `city` varchar(64) DEFAULT NULL,
  `birth_date` date NOT NULL DEFAULT '0000-00-00',
  `height` varchar(5) NOT NULL,
  `weight` varchar(5) DEFAULT NULL,
  `home` tinyint(1) NOT NULL DEFAULT '1',
  `childs` tinyint(1) NOT NULL DEFAULT '0',
  `notification` tinyint(1) NOT NULL DEFAULT '0',
  `notification_in_days` int(3) NOT NULL DEFAULT '0',
  `session_id` varchar(32) NOT NULL,
  PRIMARY KEY (`user_id`)
) ENGINE=MyISAM  DEFAULT CHARSET=utf8 AUTO_INCREMENT=69 ;

--
-- Дамп данных таблицы `user`
--

INSERT INTO `user` (`user_id`, `name`, `status`, `email`, `password`, `image`, `register_date`, `is_man`, `block`, `step1`, `step2`, `step3`, `lastname`, `name_eng`, `lastname_eng`, `telephone`, `skype`, `city`, `birth_date`, `height`, `weight`, `home`, `childs`, `notification`, `notification_in_days`, `session_id`) VALUES
(1, 'masha masha', 1, 'masha@arkpf.ru', '', 'users/1-bg.jpg', '0000-00-00 00:00:00', 0, 0, 0, 0, 0, '', '', '', '', '', '', '0000-00-00', '0', '0', 1, 0, 0, 0, ''),
(17, 'Лена', 1, 'lenamerx@mail.ru', '827ccb0eea8a706c4c34a16891f84e7b', 'users/0718034001348129565.jpg', '2012-09-20 12:23:42', 0, 0, 1, 1, 1, 'Лена', 'Elena', 'Elena', '77777', '34апп', 'moskow', '1996-01-18', '0', '0', 1, 0, 0, 0, ''),
(47, 'Анна', 1, 'petrovatest@mail.ru', '25d55ad283aa400af464c76d713c07ad', 'users/0166995001351649926.jpg', '2012-10-31 04:59:42', 0, 0, 1, 1, 1, 'Петрова', 'Anna', 'Petrova', '+79211000000', 'hello_anna', NULL, '1985-04-15', '167', NULL, 1, 0, 0, 0, ''),
(44, 'Ivan', 1, 'merx40@mail.ru', '827ccb0eea8a706c4c34a16891f84e7b', 'users/0549072001352108154.png', '2012-10-27 00:40:54', 1, 0, 1, 1, 1, 'Ivanov', 'Ivan', 'Ivanov', '77888', 'hhjj', '', '1977-02-19', '170', '', 1, 1, 1, 1, 'tooogcsjin5g8j47o2doa57vd5'),
(21, 'anait', 1, 'anait88@inbox.ru', 'e10adc3949ba59abbe56e057f20f883e', 'users/0067022001350286551.jpg', '2012-10-09 18:50:01', 0, 0, 1, 1, 1, 'anait', 'anait', 'anait', '123456789', '123456', '', '1944-02-16', '0', '0', 1, 0, 0, 0, 'j39vmba4dt1rcqa72hffmq3cm6'),
(23, 'ху', 1, 'roike@mail.ru', '7815696ecbf1c96e6894b779456d330e', 'users/0438012001351441951.jpg', '2012-10-10 23:51:10', 1, 0, 1, 1, 1, 'дзынь тао', 'Hu', 'Dzin tao', '99991', 'sdfsdfsf5', '6577', '1962-05-01', '', '', 1, 0, 1, 1, 'g30igl1iathvrto741k0no7426'),
(25, 'Ли', 1, 'marmara.ant@mail.ru', '98b6258af0a0f40737c02f35af27aae7', 'users/0903137001349942711.jpg', '2012-10-11 11:45:53', 1, 0, 1, 1, 1, 'Дахонг', 'Li', 'Dahong', '+378902345', 'dahong', 'Bejeeng', '1976-04-18', '170', '60', 1, 0, 0, 0, ''),
(26, 'Андрей', 1, 'republica.art@gmail.com', '827ccb0eea8a706c4c34a16891f84e7b', NULL, '2012-10-11 16:36:19', 0, 0, 0, 0, 0, 'Остин', 'Andrey', 'Ostin', '', '', '', '0000-00-00', '', '', 1, 0, 0, 0, ''),
(27, 'Дарья', 0, 'elishunova@gmail.com', '827ccb0eea8a706c4c34a16891f84e7b', NULL, '2012-10-11 16:38:53', 0, 0, 0, 0, 0, 'Кая', 'Darya', 'Kaya', '', '', '', '0000-00-00', '', '', 1, 0, 0, 0, ''),
(28, 'Йоши', 1, 'merx1@mail.ru', '827ccb0eea8a706c4c34a16891f84e7b', 'users/0359219001349982296.jpg', '2012-10-11 22:54:05', 1, 0, 1, 1, 1, 'Ли', 'Yoshi', 'Li', '+4567899', 'liuuuu', 'Pekin', '1995-10-17', '189', '67', 1, 0, 0, 0, ''),
(29, 'Чен', 1, 'merx2@mail.ru', '827ccb0eea8a706c4c34a16891f84e7b', 'users/0239366001349982565.jpg', '2012-10-11 22:55:00', 1, 0, 1, 1, 1, 'Чан', 'Чен', 'Чан', '7890223', 'cvvvnn', 'Pekin', '1999-10-12', '170', '56', 1, 0, 0, 0, ''),
(30, 'Мао', 1, 'merx3@mail.ru', '827ccb0eea8a706c4c34a16891f84e7b', NULL, '2012-10-11 22:56:42', 1, 0, 0, 0, 0, 'Кунь', 'Mao', 'Kun', '', '', '', '0000-00-00', '', '', 1, 0, 0, 0, ''),
(31, 'Ольга', 1, 'merx@mail.ru', '827ccb0eea8a706c4c34a16891f84e7b', 'users/0315415001350060333.jpg', '2012-10-12 20:40:39', 0, 0, 1, 1, 1, 'Громова', 'Olga', 'Gromova', '666778899', 'аппп67', 'Moskow', '1987-03-17', '175', '50', 1, 0, 0, 0, ''),
(32, 'Ира', 1, 'merx11@mail.ru', '827ccb0eea8a706c4c34a16891f84e7b', 'users/0435688001350060620.jpg', '2012-10-12 20:41:30', 0, 0, 1, 1, 1, 'Новикова', 'Ira', 'Novikova', '333445566', 'aaaaa', 'Kursk', '1980-06-12', '165', '50', 1, 0, 0, 0, ''),
(33, 'Карина', 1, 'merx12@mail.ru', '827ccb0eea8a706c4c34a16891f84e7b', 'users/0936362001350061091.jpg', '2012-10-12 20:42:05', 0, 0, 1, 1, 1, 'Соломенко', 'Karina', 'Solomenko', '3344556', 'wwwwyyy', 'Moskow', '1982-05-04', '175', '55', 1, 0, 0, 0, ''),
(34, 'Марина', 1, 'merx14@mail.ru', '827ccb0eea8a706c4c34a16891f84e7b', 'users/0491116001350067500.jpg', '2012-10-12 22:37:35', 0, 0, 1, 1, 1, 'Казарян', 'Marina', 'Kazaryan', '66600999', 'ggghh', 'Moskow', '1990-08-09', '150', '40', 1, 0, 0, 0, ''),
(35, 'Cnan', 1, 'merx26@mail.ru', '827ccb0eea8a706c4c34a16891f84e7b', 'users/0630443001350314511.jpg', '2012-10-15 19:17:53', 1, 0, 1, 1, 1, 'Jack', 'Cnan', 'Jack', '00999966', 'dff', 'Pekin', '1996-08-16', '170', '60', 1, 0, 0, 0, ''),
(36, 'Irina', 1, 'merx21@mail.ru', '827ccb0eea8a706c4c34a16891f84e7b', 'users/0544226001350332627.jpg', '2012-10-16 00:19:18', 0, 0, 1, 1, 1, 'Ivanova', 'Irina', 'Ivanova', '6677333', 'ffgggg', 'Omsk', '1995-03-04', '170', '50', 1, 0, 0, 0, ''),
(37, 'Liu', 1, 'marinasev@rambler.ru', '53c18cb072307337f43586c10fb2750e', 'users/0874487001350961366.png', '2012-10-16 15:28:50', 1, 0, 1, 1, 1, 'Xiao', 'Liu', 'John', '+86100000000', 'hello_world', 'Beijing', '1982-03-10', '182', '82', 1, 0, 0, 0, 'ts4lf49km0j1rl5seevd4663u1'),
(38, 'Ирина', 1, 'marina23russia@gmail.com', 'cad80391c6cc04f672752dac796e0e07', 'users/0419076001350626590.jpg', '2012-10-16 21:52:05', 0, 0, 1, 1, 1, 'Иванова', 'Irina', 'Ivanova', '+79211000000', 'irina100', 'Moscow', '1989-07-05', '171', '57', 1, 0, 0, 0, ''),
(39, 'Иван', 1, 'ozerons@gmail.com', '8cda5ebc4eca68ce25eeccfc07fe68d1', '', '2012-10-19 12:33:23', 0, 0, 1, 1, 1, 'Иваныч', 'Ivan', 'Ivanich', '+7921737464', 'Ivan', '', '1987-01-01', '', '', 1, 0, 0, 0, ''),
(40, 'Oleg', 1, 'merx30@mail.ru', '827ccb0eea8a706c4c34a16891f84e7b', 'users/0550099001350763134.jpg', '2012-10-20 23:54:36', 1, 0, 1, 1, 1, 'Petrov', 'Oleg', 'Petrov', '6660099999', 'fff', 'Moskow', '1994-01-19', '111', '111', 1, 0, 0, 0, 'tooogcsjin5g8j47o2doa57vd5'),
(41, '', 0, 'sdfsf@asdsfffdasdad.ru', '7815696ecbf1c96e6894b779456d330e', NULL, '2012-10-24 19:53:26', 1, 0, 0, 0, 0, '', '', '', '', '', '', '0000-00-00', '', '', 1, 0, 0, 0, ''),
(51, '', 0, 'derika55@mail.ru', 'a8f5f167f44f4964e6c998dee827110c', NULL, '2012-11-13 12:06:19', 1, 0, 0, 0, 0, '', '', '', '', '', NULL, '0000-00-00', '', NULL, 1, 0, 0, 0, ''),
(52, 'wang', 1, 'hitjuchangbin@yahoo.com.cn', '1e10dfbb21d634f0570140e7f1e0a18c', 'users/0452632001353121553.jpg', '2012-11-17 06:50:42', 1, 0, 1, 1, 1, 'ceshi', 'wang', 'ceshi', '15201056286', '01056286', '', '1982-02-03', '178', NULL, 1, 0, 0, 0, ''),
(48, 'Ivan', 1, 'merx41@mail.ru', '827ccb0eea8a706c4c34a16891f84e7b', '', '2012-11-07 13:28:29', 1, 0, 1, 1, 1, 'Ivan', 'Ivan', 'Ivan', '3344556', 'dddd', NULL, '1979-09-18', '', NULL, 1, 1, 0, 0, ''),
(49, '', 0, 'merx49@mail.ru', '827ccb0eea8a706c4c34a16891f84e7b', NULL, '2012-11-08 02:53:08', 0, 0, 0, 0, 0, '', '', '', '', '', NULL, '0000-00-00', '', NULL, 1, 0, 0, 0, ''),
(50, 'Ivan', 1, 'merx70@mail.ru', '827ccb0eea8a706c4c34a16891f84e7b', '', '2012-11-08 02:54:22', 1, 0, 1, 1, 1, 'Ivanov', 'Ivan', 'Ivanov', '779900', 'ffgghh', NULL, '1992-04-05', '', NULL, 1, 0, 0, 0, ''),
(53, '', 0, '391375290@qq.com', '25d55ad283aa400af464c76d713c07ad', NULL, '2012-11-18 15:24:51', 1, 0, 0, 0, 0, '', '', '', '', '', NULL, '0000-00-00', '', NULL, 1, 0, 0, 0, ''),
(54, 'ming', 1, '371375290@qq.com', '25d55ad283aa400af464c76d713c07ad', '', '2012-11-18 15:26:43', 1, 0, 1, 1, 1, 'ming', 'ming', 'ming', '11111', '111111', NULL, '1977-12-12', '', NULL, 1, 0, 0, 0, ''),
(55, 'sdfsdfsdf', 1, 'fmrfirst@163.com', '5a690d842935c51f26f473e025c1b97a', '', '2012-11-19 06:28:50', 1, 0, 1, 1, 1, 'sdfsdfsdf', 'FAN', 'RUIRUI', '13311393939', '123321', NULL, '1984-06-14', '168', NULL, 1, 0, 0, 0, ''),
(56, 'wee', 1, '215335729@qq.com', '343b1c4a3ea721b2d640fc8700db0f36', '', '2012-11-19 11:46:52', 0, 0, 1, 1, 1, 'rty', 'tuyhh', 'errry', '222222222', '2222222222222', NULL, '1978-03-16', '', NULL, 1, 0, 0, 0, ''),
(57, '', 1, '331434845@qq.com', 'ac2309773e6ec0030bf299e77fa0fb1e', NULL, '2012-11-19 11:51:04', 1, 0, 0, 0, 0, '', '', '', '', '', NULL, '0000-00-00', '', NULL, 1, 0, 0, 0, ''),
(58, '', 1, 'hao5919@sina.com', '53c91501cf43e913e8345437bb258474', NULL, '2012-11-19 12:13:32', 0, 0, 0, 0, 0, '', '', '', '', '', NULL, '0000-00-00', '', NULL, 1, 0, 0, 0, ''),
(59, '', 1, '670575967@qq.com', '670b14728ad9902aecba32e22fa4f6bd', NULL, '2012-11-19 12:35:22', 0, 0, 0, 0, 0, '', '', '', '', '', NULL, '0000-00-00', '', NULL, 1, 0, 0, 0, ''),
(60, 'chinese', 1, '7254061@qq.com', '2bea99768d2f1dc25134e6953ccfb14f', '', '2012-11-19 12:53:57', 1, 0, 1, 1, 1, 'english', 'danny', 'wang', '86 18602888286', 'dannywon711', NULL, '1983-07-11', '', NULL, 1, 0, 0, 0, ''),
(61, '', 1, 'luosd09@126.com', 'a64f467710024fd1505a2c16de7a1f70', NULL, '2012-11-19 13:00:33', 1, 0, 0, 0, 0, '', '', '', '', '', NULL, '0000-00-00', '', NULL, 1, 0, 0, 0, ''),
(62, '', 0, '111@123.com', '96e79218965eb72c92a549dd5a330112', NULL, '2012-11-19 13:34:12', 0, 0, 0, 0, 0, '', '', '', '', '', NULL, '0000-00-00', '', NULL, 1, 0, 0, 0, ''),
(63, '', 0, 'aabbccddee@123.com', '96e79218965eb72c92a549dd5a330112', NULL, '2012-11-19 13:35:22', 0, 0, 0, 0, 0, '', '', '', '', '', NULL, '0000-00-00', '', NULL, 1, 0, 0, 0, ''),
(64, '', 0, 'aduvrac@126.com', '96e79218965eb72c92a549dd5a330112', NULL, '2012-11-19 13:37:08', 0, 0, 0, 0, 0, '', '', '', '', '', NULL, '0000-00-00', '', NULL, 1, 0, 0, 0, ''),
(65, '', 0, '394534000@qq.com', 'e19d5cd5af0378da05f63f891c7467af', NULL, '2012-11-19 13:40:09', 0, 1, 0, 0, 0, '', '', '', '', '', NULL, '0000-00-00', '', NULL, 1, 0, 0, 0, ''),
(66, '', 0, 'admin@adxmin.com', 'c9f4e265338528c2ad45519fc8fbd65a', NULL, '2012-11-19 13:54:43', 0, 0, 0, 0, 0, '', '', '', '', '', NULL, '0000-00-00', '', NULL, 1, 0, 0, 0, ''),
(67, '', 1, 'flyingdex@qq.com', '4d9fe97f129a8dc1c82a0f7e41449f41', NULL, '2012-11-20 14:52:22', 1, 0, 0, 0, 0, '', '', '', '', '', NULL, '0000-00-00', '', NULL, 1, 0, 0, 0, ''),
(68, '', 0, 'yunliwang@hotmail.com', '51e7d6dd496336dce8b578594f062ef3', NULL, '2012-12-01 08:50:27', 0, 0, 0, 0, 0, '', '', '', '', '', NULL, '0000-00-00', '', NULL, 1, 0, 0, 0, '');

-- --------------------------------------------------------

--
-- Структура таблицы `user_children`
--

CREATE TABLE IF NOT EXISTS `user_children` (
  `children_id` int(11) NOT NULL AUTO_INCREMENT,
  `user_id` int(11) NOT NULL,
  `name` varchar(255) NOT NULL,
  `child_age` int(5) NOT NULL,
  `together` tinyint(1) NOT NULL,
  PRIMARY KEY (`children_id`)
) ENGINE=MyISAM  DEFAULT CHARSET=utf8 AUTO_INCREMENT=20 ;

-- --------------------------------------------------------

--
-- Структура таблицы `user_image`
--

CREATE TABLE IF NOT EXISTS `user_image` (
  `image_id` int(11) NOT NULL AUTO_INCREMENT,
  `image` varchar(255) NOT NULL,
  `user_id` int(11) NOT NULL,
  PRIMARY KEY (`image_id`)
) ENGINE=MyISAM  DEFAULT CHARSET=utf8 AUTO_INCREMENT=76 ;

--
-- Дамп данных таблицы `user_image`
--

INSERT INTO `user_image` (`image_id`, `image`, `user_id`) VALUES
(1, 'users/1-bg.jpg', 1),
(29, 'users/0638959001348861345.png', 16),
(28, 'users/0940800001348861254.png', 16),
(30, 'users/0718034001348129565.jpg', 17),
(32, 'users/0542722001348869376.png', 20),
(33, 'users/0564219001348869433.png', 20),
(61, 'users/0438012001351441951.jpg', 23),
(35, 'users/0903137001349942711.jpg', 25),
(36, 'users/0359219001349982296.jpg', 28),
(37, 'users/0239366001349982565.jpg', 29),
(38, 'users/0315415001350060333.jpg', 31),
(39, 'users/0435688001350060620.jpg', 32),
(40, 'users/0936362001350061091.jpg', 33),
(41, 'users/0491116001350067500.jpg', 34),
(42, 'users/0067022001350286551.jpg', 21),
(43, 'users/0630443001350314511.jpg', 35),
(44, 'users/0800684001350329229.jpg', 32),
(45, 'users/0369029001350329238.jpg', 32),
(46, 'users/0544226001350332627.jpg', 36),
(65, 'users/0115808001351649911.jpg', 47),
(48, 'users/0419076001350626590.jpg', 38),
(49, 'users/0742671001350626987.jpg', 38),
(50, 'users/0475755001350762908.jpg', 22),
(51, 'users/0275597001350763069.jpg', 22),
(52, 'users/0550099001350763134.jpg', 40),
(53, 'users/0708057001350763226.jpg', 40),
(54, 'users/0863200001350763236.jpg', 40),
(55, 'users/0874487001350961366.png', 37),
(66, 'users/74963339_large_1.jpg', 47),
(67, 'users/0166995001351649926.jpg', 47),
(68, 'users/74963339_large_1.jpg', 47),
(69, 'users/0549072001352108154.png', 44),
(70, 'users/0452632001353121553.jpg', 52),
(72, 'users/0378629001353272423.png', 23),
(73, 'users/0277870001353272429.png', 23),
(75, 'users/0362604001353404883.jpg', 44);

-- --------------------------------------------------------

--
-- Структура таблицы `user_option_value`
--

CREATE TABLE IF NOT EXISTS `user_option_value` (
  `user_id` int(11) NOT NULL,
  `profile_option_id` int(11) NOT NULL,
  `profile_option_value_id` int(11) NOT NULL,
  PRIMARY KEY (`user_id`,`profile_option_id`,`profile_option_value_id`)
) ENGINE=MyISAM DEFAULT CHARSET=utf8;

--
-- Дамп данных таблицы `user_option_value`
--

INSERT INTO `user_option_value` (`user_id`, `profile_option_id`, `profile_option_value_id`) VALUES
(16, 1, 1),
(17, 2, 4),
(17, 4, 9),
(18, 4, 8),
(20, 1, 1),
(20, 2, 4),
(20, 4, 9),
(21, 1, 1),
(21, 2, 5),
(21, 4, 8),
(21, 20, 170),
(22, 1, 1),
(22, 2, 245),
(22, 8, 25),
(22, 9, 28),
(22, 10, 33),
(22, 11, 41),
(22, 12, 45),
(22, 13, 504),
(22, 16, 84),
(22, 17, 93),
(22, 19, 120),
(22, 21, 211),
(22, 22, 247),
(22, 23, 251),
(22, 24, 253),
(22, 24, 271),
(22, 24, 275),
(22, 24, 282),
(22, 24, 283),
(22, 25, 304),
(22, 27, 337),
(22, 30, 378),
(22, 31, 386),
(22, 32, 388),
(22, 33, 391),
(22, 34, 396),
(22, 36, 417),
(22, 38, 427),
(22, 41, 445),
(22, 42, 450),
(22, 45, 474),
(23, 2, 246),
(23, 21, 235),
(23, 22, 248),
(23, 23, 251),
(23, 24, 268),
(23, 24, 282),
(23, 37, 421),
(23, 38, 427),
(23, 39, 433),
(23, 40, 440),
(23, 43, 458),
(25, 1, 1),
(25, 2, 245),
(25, 4, 402),
(25, 8, 25),
(25, 9, 31),
(25, 10, 36),
(25, 11, 42),
(25, 12, 49),
(25, 13, 505),
(25, 16, 88),
(25, 17, 91),
(25, 19, 112),
(25, 21, 210),
(25, 22, 247),
(25, 23, 250),
(25, 24, 253),
(25, 24, 256),
(25, 24, 257),
(25, 24, 259),
(25, 24, 260),
(25, 24, 261),
(25, 24, 263),
(25, 24, 267),
(25, 24, 268),
(25, 24, 272),
(25, 24, 276),
(25, 24, 278),
(25, 24, 279),
(25, 25, 305),
(25, 26, 324),
(25, 27, 333),
(25, 28, 351),
(25, 29, 371),
(25, 30, 380),
(25, 31, 385),
(25, 32, 389),
(25, 33, 393),
(25, 34, 396),
(25, 36, 415),
(25, 37, 423),
(25, 38, 428),
(25, 39, 434),
(25, 40, 440),
(25, 41, 445),
(25, 42, 451),
(25, 43, 460),
(25, 45, 474),
(28, 1, 40),
(28, 2, 4),
(28, 4, 401),
(28, 8, 26),
(28, 9, 28),
(28, 10, 36),
(28, 11, 41),
(28, 12, 48),
(28, 19, 124),
(28, 21, 243),
(28, 22, 247),
(28, 23, 252),
(28, 24, 256),
(28, 24, 257),
(28, 24, 258),
(28, 24, 261),
(28, 24, 263),
(28, 24, 265),
(28, 24, 267),
(28, 24, 271),
(28, 24, 274),
(28, 24, 275),
(28, 24, 277),
(28, 24, 282),
(28, 25, 305),
(28, 26, 312),
(28, 27, 338),
(28, 28, 348),
(28, 29, 371),
(28, 30, 381),
(28, 31, 386),
(28, 32, 389),
(28, 33, 394),
(28, 34, 399),
(28, 36, 415),
(28, 37, 423),
(28, 38, 429),
(28, 39, 433),
(28, 40, 442),
(28, 41, 445),
(28, 42, 455),
(28, 43, 460),
(28, 45, 472),
(29, 1, 1),
(29, 2, 5),
(29, 4, 402),
(29, 8, 25),
(29, 9, 32),
(29, 10, 37),
(29, 11, 43),
(29, 12, 48),
(29, 13, 513),
(29, 16, 87),
(29, 17, 93),
(29, 19, 110),
(29, 21, 228),
(29, 22, 248),
(29, 23, 250),
(29, 24, 262),
(29, 24, 269),
(29, 24, 282),
(29, 24, 283),
(29, 25, 288),
(29, 26, 314),
(29, 27, 332),
(29, 28, 344),
(29, 29, 369),
(29, 30, 380),
(29, 31, 387),
(29, 32, 389),
(29, 33, 392),
(29, 34, 397),
(29, 36, 415),
(29, 37, 423),
(29, 38, 428),
(29, 39, 437),
(29, 40, 440),
(29, 41, 446),
(29, 42, 454),
(29, 43, 459),
(29, 44, 465),
(29, 45, 472),
(31, 1, 1),
(31, 2, 4),
(31, 4, 402),
(31, 8, 23),
(31, 9, 30),
(31, 10, 33),
(31, 11, 41),
(31, 12, 50),
(31, 13, 504),
(31, 16, 86),
(31, 17, 90),
(31, 19, 98),
(31, 20, 179),
(31, 22, 247),
(31, 23, 250),
(31, 24, 270),
(31, 24, 271),
(31, 24, 272),
(31, 24, 276),
(31, 25, 285),
(31, 26, 323),
(31, 27, 332),
(31, 28, 352),
(31, 29, 357),
(31, 30, 384),
(31, 31, 385),
(31, 32, 389),
(31, 33, 392),
(31, 34, 396),
(31, 36, 416),
(31, 37, 423),
(31, 38, 430),
(31, 39, 436),
(31, 40, 440),
(31, 41, 447),
(31, 42, 453),
(31, 43, 460),
(31, 44, 465),
(31, 45, 474),
(32, 1, 39),
(32, 2, 4),
(32, 4, 402),
(32, 8, 26),
(32, 9, 28),
(32, 10, 37),
(32, 11, 41),
(32, 12, 48),
(32, 13, 498),
(32, 16, 86),
(32, 17, 93),
(32, 19, 99),
(32, 20, 175),
(32, 22, 248),
(32, 23, 251),
(32, 24, 254),
(32, 24, 255),
(32, 24, 271),
(32, 24, 282),
(32, 25, 300),
(32, 26, 324),
(32, 27, 334),
(32, 28, 350),
(32, 29, 367),
(32, 30, 379),
(32, 31, 386),
(32, 32, 388),
(32, 33, 392),
(32, 34, 396),
(32, 36, 414),
(32, 38, 428),
(32, 39, 437),
(32, 40, 441),
(32, 42, 454),
(32, 43, 460),
(32, 44, 467),
(32, 45, 472),
(33, 1, 1),
(33, 2, 5),
(33, 4, 404),
(33, 8, 23),
(33, 9, 31),
(33, 10, 36),
(33, 11, 42),
(33, 12, 49),
(33, 13, 513),
(33, 16, 86),
(33, 17, 92),
(33, 19, 124),
(33, 20, 185),
(33, 22, 248),
(33, 23, 250),
(33, 24, 256),
(33, 24, 263),
(33, 24, 274),
(33, 24, 282),
(33, 24, 283),
(33, 25, 309),
(33, 26, 329),
(33, 27, 337),
(33, 28, 348),
(33, 29, 357),
(33, 30, 381),
(33, 31, 386),
(33, 32, 388),
(33, 33, 392),
(33, 34, 399),
(33, 36, 415),
(33, 37, 424),
(33, 38, 429),
(33, 39, 437),
(33, 40, 440),
(33, 41, 445),
(33, 42, 455),
(33, 43, 462),
(33, 45, 474),
(34, 1, 1),
(34, 4, 402),
(34, 8, 23),
(34, 9, 29),
(34, 10, 38),
(34, 12, 51),
(34, 13, 502),
(34, 16, 85),
(34, 17, 90),
(34, 19, 113),
(34, 20, 179),
(34, 22, 247),
(34, 23, 250),
(34, 24, 254),
(34, 24, 256),
(34, 24, 278),
(34, 24, 279),
(34, 24, 281),
(34, 25, 306),
(34, 26, 328),
(34, 27, 337),
(34, 28, 348),
(34, 29, 367),
(34, 30, 382),
(34, 31, 385),
(34, 32, 388),
(34, 33, 392),
(34, 34, 397),
(34, 36, 415),
(34, 37, 424),
(34, 38, 429),
(34, 39, 436),
(34, 40, 443),
(34, 41, 445),
(34, 42, 453),
(34, 43, 461),
(34, 44, 467),
(34, 45, 472),
(35, 1, 1),
(35, 2, 246),
(35, 4, 402),
(35, 8, 24),
(35, 9, 32),
(35, 11, 41),
(35, 12, 48),
(35, 13, 512),
(35, 16, 87),
(35, 17, 93),
(35, 19, 110),
(35, 21, 228),
(35, 22, 248),
(35, 23, 251),
(35, 24, 270),
(35, 24, 279),
(35, 24, 282),
(35, 24, 283),
(35, 25, 302),
(35, 26, 326),
(35, 27, 335),
(35, 28, 351),
(35, 29, 369),
(35, 30, 379),
(35, 31, 385),
(35, 32, 388),
(35, 33, 392),
(35, 34, 396),
(35, 36, 413),
(35, 37, 422),
(35, 38, 427),
(35, 39, 434),
(35, 40, 440),
(35, 41, 445),
(35, 42, 451),
(35, 43, 460),
(35, 44, 466),
(35, 45, 474),
(36, 1, 1),
(36, 2, 245),
(36, 4, 401),
(36, 8, 25),
(36, 9, 31),
(36, 10, 36),
(36, 11, 42),
(36, 12, 46),
(36, 13, 499),
(36, 16, 86),
(36, 17, 93),
(36, 19, 110),
(36, 20, 175),
(36, 22, 248),
(36, 23, 251),
(36, 24, 254),
(36, 24, 255),
(36, 24, 279),
(36, 24, 280),
(36, 25, 305),
(36, 26, 325),
(36, 27, 332),
(36, 28, 347),
(36, 29, 374),
(36, 30, 380),
(36, 31, 386),
(36, 32, 388),
(36, 33, 393),
(36, 34, 397),
(36, 36, 415),
(36, 37, 422),
(36, 38, 429),
(36, 39, 435),
(36, 40, 441),
(36, 41, 445),
(36, 42, 450),
(36, 43, 458),
(36, 44, 466),
(36, 45, 474),
(37, 1, 1),
(37, 2, 245),
(37, 4, 401),
(37, 8, 25),
(37, 9, 31),
(37, 10, 37),
(37, 11, 41),
(37, 12, 48),
(37, 13, 510),
(37, 16, 84),
(37, 17, 90),
(37, 19, 121),
(37, 21, 221),
(37, 22, 249),
(37, 23, 250),
(37, 24, 255),
(37, 24, 265),
(37, 24, 266),
(37, 24, 268),
(37, 24, 271),
(37, 24, 278),
(37, 24, 280),
(37, 25, 297),
(37, 26, 316),
(37, 27, 336),
(37, 28, 344),
(37, 29, 365),
(37, 30, 379),
(37, 31, 385),
(37, 32, 388),
(37, 33, 392),
(37, 34, 396),
(37, 36, 415),
(37, 43, 461),
(37, 44, 465),
(37, 45, 472),
(38, 1, 1),
(38, 2, 5),
(38, 4, 9),
(38, 8, 24),
(38, 9, 30),
(38, 10, 34),
(38, 11, 42),
(38, 12, 46),
(38, 13, 502),
(38, 16, 86),
(38, 17, 90),
(38, 19, 111),
(38, 20, 159),
(38, 22, 247),
(38, 23, 250),
(38, 24, 264),
(38, 24, 268),
(38, 24, 270),
(38, 24, 273),
(38, 24, 279),
(38, 25, 303),
(38, 26, 314),
(38, 28, 347),
(38, 29, 365),
(38, 30, 381),
(38, 31, 385),
(38, 32, 388),
(38, 33, 391),
(38, 34, 396),
(38, 36, 416),
(38, 37, 423),
(38, 38, 427),
(38, 39, 437),
(38, 42, 452),
(38, 43, 458),
(38, 44, 465),
(38, 45, 474),
(40, 1, 40),
(40, 2, 4),
(40, 4, 407),
(40, 8, 25),
(40, 9, 31),
(40, 10, 33),
(40, 11, 41),
(40, 12, 50),
(40, 13, 504),
(40, 16, 84),
(40, 17, 91),
(40, 19, 98),
(40, 21, 231),
(40, 22, 249),
(40, 23, 251),
(40, 24, 268),
(40, 24, 277),
(40, 25, 288),
(40, 26, 317),
(40, 27, 336),
(40, 28, 350),
(40, 29, 370),
(40, 30, 379),
(40, 31, 386),
(40, 32, 389),
(40, 33, 392),
(40, 34, 397),
(40, 36, 411),
(40, 37, 422),
(40, 38, 427),
(40, 40, 440),
(40, 41, 445),
(40, 42, 451),
(40, 43, 458),
(40, 44, 465),
(40, 45, 472),
(44, 1, 40),
(44, 4, 408),
(44, 8, 24),
(44, 9, 28),
(44, 10, 33),
(44, 12, 47),
(44, 13, 490),
(44, 24, 254),
(44, 24, 262),
(44, 24, 265),
(44, 24, 275),
(44, 36, 413),
(44, 38, 431),
(44, 39, 433),
(44, 40, 440),
(44, 41, 447),
(44, 42, 451),
(44, 42, 456),
(44, 43, 460),
(45, 8, 24),
(47, 1, 2),
(47, 2, 245),
(47, 4, 8),
(47, 8, 23),
(47, 9, 28),
(47, 10, 34),
(47, 11, 41),
(47, 12, 47),
(47, 13, 490),
(47, 16, 87),
(47, 17, 90),
(47, 19, 103),
(47, 20, 165),
(47, 22, 249),
(47, 23, 250),
(47, 24, 258),
(47, 24, 275),
(47, 24, 282),
(47, 25, 300),
(47, 26, 327),
(47, 27, 332),
(47, 28, 351),
(47, 29, 371),
(47, 30, 378),
(47, 31, 385),
(47, 32, 388),
(47, 33, 391),
(47, 34, 397),
(47, 36, 415),
(47, 37, 423),
(47, 39, 437),
(47, 40, 440),
(47, 41, 446),
(47, 43, 461),
(47, 44, 465),
(47, 45, 474),
(48, 1, 2),
(48, 2, 245),
(48, 8, 25),
(48, 9, 31),
(48, 10, 34),
(48, 11, 42),
(48, 12, 47),
(48, 13, 475),
(48, 16, 87),
(48, 17, 90),
(48, 19, 99),
(48, 21, 243),
(48, 22, 247),
(48, 23, 250),
(48, 24, 273),
(48, 24, 277),
(48, 24, 281),
(48, 24, 282),
(48, 25, 299),
(48, 26, 319),
(48, 27, 331),
(48, 28, 345),
(48, 29, 365),
(48, 30, 384),
(48, 31, 387),
(48, 33, 391),
(48, 34, 396),
(48, 37, 422),
(48, 37, 425),
(48, 40, 441),
(48, 42, 456),
(48, 43, 459),
(48, 44, 465),
(48, 44, 469),
(48, 44, 470),
(52, 1, 2),
(52, 2, 246),
(52, 4, 400),
(52, 8, 25),
(52, 9, 32),
(52, 10, 37),
(52, 11, 42),
(52, 12, 46),
(52, 13, 498),
(52, 16, 84),
(52, 17, 90),
(52, 19, 102),
(52, 21, 231),
(52, 22, 248),
(52, 23, 251),
(52, 24, 282),
(52, 25, 301),
(52, 26, 314),
(52, 27, 334),
(52, 28, 347),
(52, 29, 356),
(52, 30, 381),
(52, 31, 386),
(52, 32, 388),
(52, 33, 394),
(52, 34, 396),
(52, 36, 413),
(52, 37, 421),
(52, 38, 431),
(52, 39, 433),
(52, 40, 440),
(52, 41, 445),
(52, 42, 451),
(52, 43, 459),
(52, 44, 465),
(52, 45, 474),
(55, 1, 2),
(55, 8, 24),
(55, 9, 32),
(55, 10, 37),
(55, 11, 42),
(55, 12, 47),
(55, 13, 500),
(55, 16, 85),
(55, 17, 90),
(55, 19, 110),
(55, 21, 210),
(56, 2, 246),
(56, 4, 401),
(56, 22, 248),
(56, 23, 251),
(56, 24, 282),
(56, 24, 283),
(56, 25, 287),
(56, 37, 425);

-- --------------------------------------------------------

--
-- Структура таблицы `user_recomendation`
--

CREATE TABLE IF NOT EXISTS `user_recomendation` (
  `recomendation_id` int(11) NOT NULL AUTO_INCREMENT,
  `user_id` int(11) NOT NULL,
  `recomended_user_id` int(11) NOT NULL,
  PRIMARY KEY (`recomendation_id`)
) ENGINE=MyISAM  DEFAULT CHARSET=utf8 AUTO_INCREMENT=325 ;

-- --------------------------------------------------------

--
-- Структура таблицы `user_recomendation_archive`
--

CREATE TABLE IF NOT EXISTS `user_recomendation_archive` (
  `recomendation_id` int(11) NOT NULL,
  `user_id` int(11) NOT NULL,
  `recomended_user_id` int(11) NOT NULL,
  `archive_added` datetime NOT NULL,
  PRIMARY KEY (`recomendation_id`)
) ENGINE=MyISAM DEFAULT CHARSET=utf8;

--
-- Дамп данных таблицы `user_recomendation_archive`
--

INSERT INTO `user_recomendation_archive` (`recomendation_id`, `user_id`, `recomended_user_id`, `archive_added`) VALUES
(159, 47, 48, '2012-11-14 14:58:52'),
(161, 31, 48, '2012-11-14 14:58:52'),
(162, 32, 48, '2012-11-14 14:58:52'),
(163, 34, 48, '2012-11-14 14:58:52'),
(164, 36, 48, '2012-11-14 14:58:52'),
(165, 38, 48, '2012-11-14 14:58:52'),
(166, 48, 31, '2012-11-14 14:58:52'),
(167, 48, 36, '2012-11-14 14:58:52'),
(168, 48, 32, '2012-11-14 14:58:52'),
(175, 21, 35, '2012-11-14 14:59:37'),
(176, 21, 40, '2012-11-14 14:59:39'),
(177, 21, 29, '2012-11-14 14:59:41'),
(178, 23, 31, '2012-11-14 15:33:47'),
(179, 23, 47, '2012-11-14 15:37:16'),
(180, 23, 34, '2012-11-14 15:37:27'),
(208, 37, 31, '2012-11-16 06:59:49'),
(209, 37, 47, '2012-11-16 07:00:04'),
(210, 37, 38, '2012-11-16 07:00:12'),
(169, 47, 37, '2012-11-18 11:02:16'),
(170, 47, 29, '2012-11-18 11:02:16'),
(171, 47, 25, '2012-11-18 11:02:16'),
(172, 44, 38, '2012-11-18 11:02:16'),
(173, 44, 36, '2012-11-18 11:02:16'),
(174, 44, 34, '2012-11-18 11:02:16'),
(181, 25, 31, '2012-11-18 11:02:16'),
(182, 25, 36, '2012-11-18 11:02:16'),
(183, 25, 47, '2012-11-18 11:02:16'),
(184, 28, 31, '2012-11-18 11:02:16'),
(185, 28, 34, '2012-11-18 11:02:16'),
(186, 28, 32, '2012-11-18 11:02:16'),
(187, 29, 34, '2012-11-18 11:02:16'),
(188, 29, 31, '2012-11-18 11:02:16'),
(189, 29, 47, '2012-11-18 11:02:16'),
(190, 31, 28, '2012-11-18 11:02:16'),
(191, 31, 25, '2012-11-18 11:02:16'),
(192, 31, 37, '2012-11-18 11:02:16'),
(193, 32, 28, '2012-11-18 11:02:16'),
(194, 32, 35, '2012-11-18 11:02:16'),
(195, 32, 25, '2012-11-18 11:02:16'),
(196, 33, 29, '2012-11-18 11:02:16'),
(197, 33, 25, '2012-11-18 11:02:16'),
(198, 33, 35, '2012-11-18 11:02:16'),
(199, 34, 29, '2012-11-18 11:02:16'),
(200, 34, 28, '2012-11-18 11:02:16'),
(201, 34, 40, '2012-11-18 11:02:16'),
(202, 35, 38, '2012-11-18 11:02:16'),
(203, 35, 47, '2012-11-18 11:02:16'),
(204, 35, 36, '2012-11-18 11:02:16'),
(205, 36, 35, '2012-11-18 11:02:16'),
(206, 36, 40, '2012-11-18 11:02:16'),
(207, 36, 25, '2012-11-18 11:02:16'),
(222, 52, 31, '2012-11-18 11:02:16'),
(221, 52, 47, '2012-11-18 11:02:16'),
(220, 52, 38, '2012-11-18 11:02:16'),
(211, 38, 40, '2012-11-18 11:02:16'),
(212, 38, 37, '2012-11-18 11:02:16'),
(213, 38, 35, '2012-11-18 11:02:16'),
(214, 40, 38, '2012-11-18 11:02:16'),
(215, 40, 36, '2012-11-18 11:02:16'),
(216, 40, 31, '2012-11-18 11:02:16'),
(217, 48, 47, '2012-11-18 11:02:16'),
(218, 48, 38, '2012-11-18 11:02:16'),
(219, 48, 34, '2012-11-18 11:02:16'),
(271, 52, 36, '2012-11-19 09:26:29'),
(273, 52, 33, '2012-11-19 12:30:00'),
(272, 52, 34, '2012-11-19 12:30:08'),
(223, 47, 52, '2012-11-21 11:57:56'),
(224, 47, 35, '2012-11-21 11:57:56'),
(225, 47, 40, '2012-11-21 11:57:56'),
(226, 44, 31, '2012-11-21 11:57:56'),
(227, 44, 33, '2012-11-21 11:57:56'),
(228, 44, 32, '2012-11-21 11:57:56'),
(229, 21, 52, '2012-11-21 11:57:56'),
(230, 21, 25, '2012-11-21 11:57:56'),
(231, 21, 23, '2012-11-21 11:57:56'),
(232, 23, 33, '2012-11-21 11:57:56'),
(233, 23, 38, '2012-11-21 11:57:56'),
(234, 23, 36, '2012-11-21 11:57:56'),
(235, 25, 38, '2012-11-21 11:57:56'),
(236, 25, 33, '2012-11-21 11:57:56'),
(237, 25, 32, '2012-11-21 11:57:56'),
(238, 28, 36, '2012-11-21 11:57:56'),
(239, 28, 38, '2012-11-21 11:57:56'),
(240, 28, 33, '2012-11-21 11:57:56'),
(241, 29, 33, '2012-11-21 11:57:56'),
(242, 29, 38, '2012-11-21 11:57:56'),
(243, 29, 36, '2012-11-21 11:57:56'),
(244, 31, 52, '2012-11-21 11:57:56'),
(245, 31, 29, '2012-11-21 11:57:56'),
(246, 31, 40, '2012-11-21 11:57:56'),
(247, 32, 52, '2012-11-21 11:57:56'),
(248, 32, 29, '2012-11-21 11:57:56'),
(249, 32, 40, '2012-11-21 11:57:56'),
(250, 33, 28, '2012-11-21 11:57:56'),
(251, 33, 37, '2012-11-21 11:57:56'),
(252, 33, 52, '2012-11-21 11:57:56'),
(253, 34, 35, '2012-11-21 11:57:56'),
(254, 34, 52, '2012-11-21 11:57:56'),
(255, 34, 37, '2012-11-21 11:57:56'),
(256, 35, 31, '2012-11-21 11:57:56'),
(257, 35, 34, '2012-11-21 11:57:56'),
(258, 35, 33, '2012-11-21 11:57:56'),
(259, 36, 52, '2012-11-21 11:57:56'),
(260, 36, 44, '2012-11-21 11:57:56'),
(261, 36, 28, '2012-11-21 11:57:56'),
(262, 37, 34, '2012-11-21 11:57:56'),
(263, 37, 33, '2012-11-21 11:57:56'),
(264, 37, 36, '2012-11-21 11:57:56'),
(265, 38, 52, '2012-11-21 11:57:56'),
(266, 38, 29, '2012-11-21 11:57:56'),
(267, 38, 25, '2012-11-21 11:57:56'),
(268, 40, 47, '2012-11-21 11:57:56'),
(269, 40, 34, '2012-11-21 11:57:56'),
(270, 40, 33, '2012-11-21 11:57:56'),
(274, 55, 38, '2012-11-21 11:57:56'),
(275, 55, 47, '2012-11-21 11:57:56'),
(276, 55, 36, '2012-11-21 11:57:56'),
(277, 47, 55, '2012-11-21 12:41:40'),
(278, 47, 23, '2012-11-21 12:41:56'),
(279, 47, 28, '2012-11-21 12:42:03'),
(280, 44, 21, '2012-11-27 00:56:25'),
(281, 21, 44, '2012-11-27 00:56:25'),
(282, 23, 21, '2012-11-27 00:56:25'),
(283, 23, 32, '2012-11-27 00:56:25'),
(284, 25, 34, '2012-11-27 00:56:25'),
(285, 25, 21, '2012-11-27 00:56:25'),
(286, 28, 47, '2012-11-27 00:56:25'),
(287, 29, 32, '2012-11-27 00:56:25'),
(288, 29, 21, '2012-11-27 00:56:25'),
(289, 31, 35, '2012-11-27 00:56:25'),
(290, 31, 23, '2012-11-27 00:56:25'),
(291, 31, 44, '2012-11-27 00:56:25'),
(292, 32, 55, '2012-11-27 00:56:25'),
(293, 32, 37, '2012-11-27 00:56:25'),
(294, 32, 44, '2012-11-27 00:56:25'),
(295, 33, 40, '2012-11-27 00:56:25'),
(296, 33, 23, '2012-11-27 00:56:25'),
(297, 33, 44, '2012-11-27 00:56:25'),
(298, 34, 44, '2012-11-27 00:56:25'),
(299, 34, 25, '2012-11-27 00:56:25'),
(300, 34, 23, '2012-11-27 00:56:25'),
(301, 35, 32, '2012-11-27 00:56:25'),
(302, 35, 21, '2012-11-27 00:56:25'),
(303, 36, 29, '2012-11-27 00:56:25'),
(304, 36, 37, '2012-11-27 00:56:25'),
(305, 36, 55, '2012-11-27 00:56:25'),
(306, 37, 32, '2012-11-27 00:56:25'),
(307, 38, 44, '2012-11-27 00:56:25'),
(308, 38, 28, '2012-11-27 00:56:25'),
(309, 38, 55, '2012-11-27 00:56:25'),
(310, 40, 32, '2012-11-27 00:56:25'),
(311, 40, 21, '2012-11-27 00:56:25'),
(312, 52, 32, '2012-11-27 00:56:25'),
(313, 52, 21, '2012-11-27 00:56:25'),
(314, 55, 32, '2012-11-27 00:56:25'),
(315, 55, 31, '2012-11-27 00:56:25'),
(316, 55, 33, '2012-11-27 00:56:25'),
(317, 31, 55, '2012-11-30 23:03:30'),
(318, 32, 23, '2012-11-30 23:03:30'),
(320, 36, 23, '2012-11-30 23:03:30'),
(321, 38, 23, '2012-11-30 23:03:30'),
(322, 33, 55, '2012-12-01 14:26:45'),
(323, 64, 23, '2012-12-01 14:26:45'),
(324, 60, 30, '2012-12-01 14:26:45');

-- --------------------------------------------------------

--
-- Структура таблицы `user_to_language`
--

CREATE TABLE IF NOT EXISTS `user_to_language` (
  `user_id` int(11) NOT NULL,
  `all_language_id` int(11) NOT NULL,
  `skill_id` int(11) NOT NULL,
  PRIMARY KEY (`user_id`,`all_language_id`)
) ENGINE=MyISAM DEFAULT CHARSET=utf8;

--
-- Дамп данных таблицы `user_to_language`
--

INSERT INTO `user_to_language` (`user_id`, `all_language_id`, `skill_id`) VALUES
(17, 2, 3),
(17, 1, 2),
(16, 2, 1),
(16, 1, 1),
(18, 1, 2),
(19, 1, 3),
(20, 1, 3),
(22, 2, 1),
(22, 1, 3),
(25, 3, 2),
(25, 2, 1),
(25, 1, 3),
(28, 3, 2),
(29, 2, 3),
(31, 2, 1),
(32, 2, 2),
(34, 3, 3),
(35, 2, 2),
(35, 3, 3),
(35, 1, 2),
(36, 2, 2),
(37, 3, 3),
(38, 2, 2),
(40, 2, 2),
(45, 1, 2),
(46, 1, 2),
(46, 7, 1),
(46, 3, 2),
(46, 15, 1),
(46, 11, 3),
(47, 20, 3),
(52, 1, 2),
(55, 12, 1);

/*!40101 SET CHARACTER_SET_CLIENT=@OLD_CHARACTER_SET_CLIENT */;
/*!40101 SET CHARACTER_SET_RESULTS=@OLD_CHARACTER_SET_RESULTS */;
/*!40101 SET COLLATION_CONNECTION=@OLD_COLLATION_CONNECTION */;
